"talhao_id","ano_mes","temperatura_min_c","temperatura_max_c","amplitude_termica_c","umidade_relativa_pct","umidade_solo_pct","chuva_mm","sombreamento_pct"
"T01","2021-01",14.3,25.1,10.8,60,28.7,117.1,4
"T02","2021-01",15.7,19.8,4.1,69,39.1,117.1,63
"T03","2021-01",14.4,23.3,8.9,69,30.3,117.1,29
"T04","2021-01",14.6,23.1,8.4,71,31.7,117.1,36
"T05","2021-01",14.8,24.8,10,62,26.3,117.1,2
"T06","2021-01",15,24,9,62,30.2,117.1,29
"T07","2021-01",14.3,24.3,10,62,28.5,117.1,12
"T08","2021-01",14.2,25.2,11,62,26.6,117.1,2
"T09","2021-01",15.4,22.6,7.2,71,32.3,117.1,28
"T10","2021-01",15.4,21.8,6.3,75,36.1,117.1,49
"T11","2021-01",15.3,23.5,8.1,69,29.7,117.1,36
"T12","2021-01",13.7,25.3,11.6,61,28.7,117.1,6
"T13","2021-01",15.1,22.4,7.3,68,40.2,117.1,36
"T14","2021-01",15.9,23.3,7.4,72,35.3,117.1,28
"T15","2021-01",14.3,25,10.7,65,35,117.1,2
"T16","2021-01",15.7,23.5,7.8,77,34.5,117.1,36
"T17","2021-01",14.5,23.2,8.7,69,38.8,117.1,45
"T18","2021-01",14.4,25.9,11.5,64,32.7,117.1,4
"T19","2021-01",15.5,23.5,8.1,71,36,117.1,37
"T20","2021-01",15.3,23.1,7.8,72,35,117.1,32
"T21","2021-01",14.7,23.9,9.2,74,38.4,117.1,37
"T22","2021-01",15.1,22.4,7.3,75,36.2,117.1,38
"T23","2021-01",14.7,25,10.2,65,33.8,117.1,13
"T24","2021-01",14.5,22,7.4,79,32.9,117.1,38
"T25","2021-01",15,22.7,7.7,81,46,117.1,55
"T26","2021-01",15.8,22.5,6.6,78,42.2,117.1,51
"T27","2021-01",15.2,23.7,8.5,75,46,117.1,47
"T28","2021-01",15.7,25.1,9.4,70,40.1,117.1,11
"T29","2021-01",15.6,21.9,6.4,78,44.8,117.1,48
"T30","2021-01",14.6,23.6,9,73,42.9,117.1,32
"T31","2021-01",16.1,23.2,7.1,79,39.1,117.1,39
"T32","2021-01",14.9,23.3,8.3,73,42.5,117.1,33
"T33","2021-01",14.9,25,10.1,73,42.5,117.1,29
"T34","2021-01",15.6,23.3,7.7,80,42.6,117.1,35
"T35","2021-01",15.3,22.4,7.1,71,43.8,117.1,51
"T36","2021-01",15,22.8,7.7,77,39.3,117.1,34
"T01","2021-02",13.1,23.9,10.8,61,39.3,176.3,4
"T02","2021-02",13.3,19.8,6.5,76,42.6,176.3,63
"T03","2021-02",13,21.7,8.8,76,37.1,176.3,29
"T04","2021-02",12.8,21.6,8.8,70,38.9,176.3,36
"T05","2021-02",12.8,24.8,12,65,35.2,176.3,2
"T06","2021-02",13.1,20.3,7.2,73,39.6,176.3,29
"T07","2021-02",12.3,23,10.8,71,33.9,176.3,12
"T08","2021-02",12.5,24.1,11.6,67,32.7,176.3,2
"T09","2021-02",12.9,21.4,8.5,69,38.5,176.3,28
"T10","2021-02",13.4,20.7,7.4,79,44,176.3,49
"T11","2021-02",12.3,20.9,8.7,69,37.8,176.3,36
"T12","2021-02",12.5,24.2,11.7,64,35.4,176.3,6
"T13","2021-02",13.6,21.5,7.9,72,46,176.3,36
"T14","2021-02",13.1,20.8,7.8,71,40,176.3,28
"T15","2021-02",12.4,24.4,11.9,69,38.8,176.3,2
"T16","2021-02",13.2,20.4,7.2,73,44.7,176.3,36
"T17","2021-02",13.1,20.4,7.3,78,45.9,176.3,45
"T18","2021-02",13,22.8,9.7,68,40.9,176.3,4
"T19","2021-02",12.7,20.9,8.2,82,46,176.3,37
"T20","2021-02",13.4,22.1,8.7,73,46,176.3,32
"T21","2021-02",13.1,22,8.9,76,41.6,176.3,37
"T22","2021-02",12.3,22.2,9.9,76,46,176.3,38
"T23","2021-02",13.2,22.8,9.5,71,45.3,176.3,13
"T24","2021-02",13.3,20.6,7.3,74,44.9,176.3,38
"T25","2021-02",13.2,22,8.8,78,46,176.3,55
"T26","2021-02",13.3,21.4,8,86,46,176.3,51
"T27","2021-02",13.8,19.8,6,81,46,176.3,47
"T28","2021-02",13.5,23,9.5,76,46,176.3,11
"T29","2021-02",13.9,20.6,6.7,89,46,176.3,48
"T30","2021-02",13.7,21.9,8.2,82,46,176.3,32
"T31","2021-02",14,21,7,79,46,176.3,39
"T32","2021-02",13.7,20.8,7.1,80,46,176.3,33
"T33","2021-02",12.8,22.1,9.3,83,46,176.3,29
"T34","2021-02",13.8,20.5,6.7,82,46,176.3,35
"T35","2021-02",13.8,20.7,6.9,86,46,176.3,51
"T36","2021-02",13.9,22.3,8.4,81,46,176.3,34
"T01","2021-03",12.2,23.5,11.3,62,46,285.5,4
"T02","2021-03",13.3,18.6,5.4,80,46,285.5,63
"T03","2021-03",13.4,19.8,6.5,71,46,285.5,29
"T04","2021-03",12.6,20.7,8,74,46,285.5,36
"T05","2021-03",11.9,22.6,10.6,71,46,285.5,2
"T06","2021-03",13,21.8,8.8,69,46,285.5,29
"T07","2021-03",12.3,22.7,10.4,68,46,285.5,12
"T08","2021-03",12.2,23.2,11.1,64,46,285.5,2
"T09","2021-03",12.7,20.5,7.8,73,46,285.5,28
"T10","2021-03",12.6,19.1,6.5,77,46,285.5,49
"T11","2021-03",12.5,20.8,8.3,72,46,285.5,36
"T12","2021-03",12.1,23,11,65,46,285.5,6
"T13","2021-03",13.3,19.2,5.9,75,46,285.5,36
"T14","2021-03",13,21.6,8.7,76,46,285.5,28
"T15","2021-03",12.2,22.4,10.2,71,46,285.5,2
"T16","2021-03",12.5,21.1,8.6,75,46,285.5,36
"T17","2021-03",13.1,20,6.9,79,46,285.5,45
"T18","2021-03",12.7,22.9,10.1,66,46,285.5,4
"T19","2021-03",13.6,21,7.4,75,46,285.5,37
"T20","2021-03",13.3,21,7.7,73,46,285.5,32
"T21","2021-03",12.5,20.7,8.1,76,46,285.5,37
"T22","2021-03",13.5,18.7,5.2,77,46,285.5,38
"T23","2021-03",13.8,20.6,6.8,75,46,285.5,13
"T24","2021-03",12.9,19.7,6.8,81,46,285.5,38
"T25","2021-03",14.2,18,3.8,89,46,285.5,55
"T26","2021-03",13.5,19.6,6.1,83,46,285.5,51
"T27","2021-03",13.1,20.1,7,83,46,285.5,47
"T28","2021-03",12.7,21.1,8.4,74,46,285.5,11
"T29","2021-03",13.6,20,6.4,86,46,285.5,48
"T30","2021-03",13.2,22.2,9,85,46,285.5,32
"T31","2021-03",13.8,21.3,7.5,85,46,285.5,39
"T32","2021-03",12.7,19.9,7.2,76,46,285.5,33
"T33","2021-03",12.5,21,8.5,81,46,285.5,29
"T34","2021-03",13,19.7,6.7,86,46,285.5,35
"T35","2021-03",13.4,19.3,5.9,84,46,285.5,51
"T36","2021-03",12.4,19.5,7.1,83,46,285.5,34
"T01","2021-04",11.4,21.7,10.3,71,45.7,273.9,4
"T02","2021-04",12.6,16.1,3.4,82,46,273.9,63
"T03","2021-04",12.5,20.1,7.5,74,46,273.9,29
"T04","2021-04",12.9,18.8,5.9,71,46,273.9,36
"T05","2021-04",12.1,22.8,10.6,62,46,273.9,2
"T06","2021-04",11.9,20.7,8.8,76,46,273.9,29
"T07","2021-04",12.4,20.8,8.4,67,46,273.9,12
"T08","2021-04",12.3,21.7,9.4,70,46,273.9,2
"T09","2021-04",12.2,20.1,7.9,75,46,273.9,28
"T10","2021-04",13.1,18,4.9,76,46,273.9,49
"T11","2021-04",13,19.1,6.1,69,46,273.9,36
"T12","2021-04",11,21.1,10.1,66,46,273.9,6
"T13","2021-04",11.9,20.2,8.3,75,46,273.9,36
"T14","2021-04",12.6,20.8,8.2,74,46,273.9,28
"T15","2021-04",11.8,23.4,11.6,74,46,273.9,2
"T16","2021-04",13.4,18.9,5.5,80,46,273.9,36
"T17","2021-04",12.3,20.4,8.2,82,46,273.9,45
"T18","2021-04",12,20.1,8.1,73,46,273.9,4
"T19","2021-04",12.9,18.5,5.6,79,46,273.9,37
"T20","2021-04",12,18.8,6.9,78,46,273.9,32
"T21","2021-04",13.5,19.8,6.3,86,46,273.9,37
"T22","2021-04",12.5,19.1,6.5,81,46,273.9,38
"T23","2021-04",11.5,22.1,10.6,73,46,273.9,13
"T24","2021-04",11.9,19.8,8,77,46,273.9,38
"T25","2021-04",12.9,16.5,3.5,85,46,273.9,55
"T26","2021-04",12.9,19.6,6.7,89,46,273.9,51
"T27","2021-04",13.2,18.9,5.7,83,46,273.9,47
"T28","2021-04",12,21.5,9.6,78,46,273.9,11
"T29","2021-04",13.1,19.2,6.1,89,46,273.9,48
"T30","2021-04",13.1,20.8,7.7,87,46,273.9,32
"T31","2021-04",12.9,19.2,6.3,84,46,273.9,39
"T32","2021-04",12.7,19.6,7,85,46,273.9,33
"T33","2021-04",12.6,19,6.4,81,46,273.9,29
"T34","2021-04",13.2,21,7.8,81,46,273.9,35
"T35","2021-04",13.6,18.2,4.6,86,46,273.9,51
"T36","2021-04",11.9,19.4,7.5,84,46,273.9,34
"T01","2021-05",11.6,23.2,11.7,56,46,289.5,4
"T02","2021-05",12.5,19.8,7.3,74,46,289.5,63
"T03","2021-05",12.8,21.1,8.3,64,46,289.5,29
"T04","2021-05",12.3,21.1,8.8,72,46,289.5,36
"T05","2021-05",12.1,25,12.9,67,43.5,289.5,2
"T06","2021-05",12.2,20.1,7.9,68,46,289.5,29
"T07","2021-05",11.4,24.5,13.1,62,43.4,289.5,12
"T08","2021-05",12,24.3,12.3,61,46,289.5,2
"T09","2021-05",12.3,24,11.6,65,46,289.5,28
"T10","2021-05",12.4,19.7,7.3,72,46,289.5,49
"T11","2021-05",12.5,21.1,8.6,66,46,289.5,36
"T12","2021-05",10.8,25.4,14.6,65,45.2,289.5,6
"T13","2021-05",13.5,21.6,8.1,75,46,289.5,36
"T14","2021-05",11.9,22,10.1,67,46,289.5,28
"T15","2021-05",11.9,23.7,11.8,65,46,289.5,2
"T16","2021-05",12.8,21.7,8.9,73,46,289.5,36
"T17","2021-05",12.9,21,8,73,46,289.5,45
"T18","2021-05",11.6,24.6,13.1,62,46,289.5,4
"T19","2021-05",13.3,21.4,8.1,75,46,289.5,37
"T20","2021-05",12.3,22.4,10.1,71,46,289.5,32
"T21","2021-05",12.7,22,9.3,71,46,289.5,37
"T22","2021-05",13.1,21,7.9,77,46,289.5,38
"T23","2021-05",11.8,23.5,11.7,70,46,289.5,13
"T24","2021-05",13,20.9,7.9,74,46,289.5,38
"T25","2021-05",13.8,21.1,7.3,87,46,289.5,55
"T26","2021-05",13.9,21.3,7.4,77,46,289.5,51
"T27","2021-05",12.9,21.1,8.1,83,46,289.5,47
"T28","2021-05",13.1,23.5,10.5,74,46,289.5,11
"T29","2021-05",12.9,21.6,8.7,86,46,289.5,48
"T30","2021-05",13.2,22.3,9.1,73,46,289.5,32
"T31","2021-05",13.6,21.3,7.7,77,46,289.5,39
"T32","2021-05",12.7,22.8,10.1,74,46,289.5,33
"T33","2021-05",13.2,22.8,9.6,77,46,289.5,29
"T34","2021-05",12.7,22.2,9.5,83,46,289.5,35
"T35","2021-05",12.3,20.6,8.4,83,46,289.5,51
"T36","2021-05",12.2,22.3,10.1,77,46,289.5,34
"T01","2021-06",14.9,25.4,10.5,58,24.9,146.1,4
"T02","2021-06",15.1,21.6,6.5,75,32.5,146.1,63
"T03","2021-06",15.3,25.1,9.9,62,31.8,146.1,29
"T04","2021-06",15.1,23.5,8.4,70,29.4,146.1,36
"T05","2021-06",14.5,26,11.5,65,23.9,146.1,2
"T06","2021-06",14.7,23.9,9.1,65,33.2,146.1,29
"T07","2021-06",14.3,24.2,9.9,56,32.1,146.1,12
"T08","2021-06",14.5,26.1,11.6,57,23.4,146.1,2
"T09","2021-06",14.3,25.5,11.1,64,31.3,146.1,28
"T10","2021-06",14.6,22.3,7.7,68,34.5,146.1,49
"T11","2021-06",14.5,24.7,10.2,66,31,146.1,36
"T12","2021-06",14.3,25.3,11,55,26.7,146.1,6
"T13","2021-06",15.1,22.8,7.7,64,34.6,146.1,36
"T14","2021-06",14.7,23.6,8.9,72,35.2,146.1,28
"T15","2021-06",14.4,26.7,12.2,62,29.5,146.1,2
"T16","2021-06",14.9,23.8,9,67,37.8,146.1,36
"T17","2021-06",15.9,23.1,7.2,74,37.1,146.1,45
"T18","2021-06",14.5,25.8,11.3,62,30.8,146.1,4
"T19","2021-06",15.2,22.5,7.3,72,35.3,146.1,37
"T20","2021-06",14.6,24.3,9.7,76,36.3,146.1,32
"T21","2021-06",15.4,23.3,7.9,69,37.6,146.1,37
"T22","2021-06",14.2,24.9,10.6,68,35.8,146.1,38
"T23","2021-06",14.7,25.3,10.6,64,31.9,146.1,13
"T24","2021-06",14,23,9,71,36.1,146.1,38
"T25","2021-06",15.7,23.4,7.7,82,42.9,146.1,55
"T26","2021-06",15,22.9,7.9,83,43.1,146.1,51
"T27","2021-06",14.7,24.4,9.6,76,42.5,146.1,47
"T28","2021-06",13.3,25.5,12.1,67,39.2,146.1,11
"T29","2021-06",15.4,22.8,7.4,77,42.6,146.1,48
"T30","2021-06",15,24.3,9.3,68,37.6,146.1,32
"T31","2021-06",14.9,23.9,9,71,42.1,146.1,39
"T32","2021-06",15.2,24.4,9.2,73,40.9,146.1,33
"T33","2021-06",15,24.2,9.2,73,38.2,146.1,29
"T34","2021-06",14.9,24.4,9.5,71,40.4,146.1,35
"T35","2021-06",15.4,22.8,7.4,77,41.6,146.1,51
"T36","2021-06",14.9,23.4,8.5,76,39.2,146.1,34
"T01","2021-07",15.9,27.9,12.1,56,21.7,87.2,4
"T02","2021-07",16.8,25.5,8.7,70,23.7,87.2,63
"T03","2021-07",15.4,26.7,11.2,61,25,87.2,29
"T04","2021-07",15,26.6,11.7,59,24.8,87.2,36
"T05","2021-07",15.3,29.8,14.5,59,20.8,87.2,2
"T06","2021-07",15.4,26.7,11.2,61,24.1,87.2,29
"T07","2021-07",16,28.4,12.4,60,20.4,87.2,12
"T08","2021-07",14.9,28.5,13.6,53,17,87.2,2
"T09","2021-07",15.8,26,10.2,62,22.2,87.2,28
"T10","2021-07",16,24.4,8.4,62,26.8,87.2,49
"T11","2021-07",15.3,26.2,10.9,63,23.9,87.2,36
"T12","2021-07",15.6,29.3,13.7,57,18.4,87.2,6
"T13","2021-07",16.1,25.2,9,72,25.6,87.2,36
"T14","2021-07",16.1,26.9,10.9,70,26.7,87.2,28
"T15","2021-07",15,28.1,13.1,61,21.3,87.2,2
"T16","2021-07",16,27.1,11.1,65,28.5,87.2,36
"T17","2021-07",16.5,25.7,9.2,74,27,87.2,45
"T18","2021-07",15.8,28,12.2,57,21.6,87.2,4
"T19","2021-07",15.1,26.7,11.7,69,28.3,87.2,37
"T20","2021-07",16.7,26.6,9.9,60,30,87.2,32
"T21","2021-07",15.7,26.1,10.5,62,28.2,87.2,37
"T22","2021-07",15.6,26.1,10.5,70,21.5,87.2,38
"T23","2021-07",15.5,29.4,13.9,64,25.7,87.2,13
"T24","2021-07",15.1,26.8,11.7,66,28.8,87.2,38
"T25","2021-07",16.8,25.4,8.6,76,34.4,87.2,55
"T26","2021-07",17.3,24.8,7.4,75,34.3,87.2,51
"T27","2021-07",16.5,25.6,9.2,77,33.3,87.2,47
"T28","2021-07",15.5,29.8,14.3,66,32,87.2,11
"T29","2021-07",17.4,25.7,8.4,79,36.8,87.2,48
"T30","2021-07",16.4,26,9.6,64,34.8,87.2,32
"T31","2021-07",15.8,25.5,9.7,77,34.5,87.2,39
"T32","2021-07",16.1,27.4,11.3,73,34.4,87.2,33
"T33","2021-07",16.5,27.2,10.7,70,30.5,87.2,29
"T34","2021-07",15.9,26.7,10.8,73,35.6,87.2,35
"T35","2021-07",16.3,26,9.6,79,37.8,87.2,51
"T36","2021-07",15.7,27.4,11.7,74,30.2,87.2,34
"T01","2021-08",17,31.4,14.4,54,18,77.7,4
"T02","2021-08",17.6,25.4,7.8,64,28.6,77.7,63
"T03","2021-08",17.6,29.2,11.6,59,22.6,77.7,29
"T04","2021-08",16.1,28.6,12.5,60,23.1,77.7,36
"T05","2021-08",16.5,30.8,14.3,52,15.1,77.7,2
"T06","2021-08",16.8,28.3,11.6,56,24.4,77.7,29
"T07","2021-08",16.6,29.7,13.1,54,20.5,77.7,12
"T08","2021-08",16.1,31.4,15.2,46,14.4,77.7,2
"T09","2021-08",16.9,28.9,12,52,17.6,77.7,28
"T10","2021-08",17.2,28,10.7,61,26.3,77.7,49
"T11","2021-08",17.2,28.8,11.6,59,23.6,77.7,36
"T12","2021-08",17.1,30.8,13.7,50,14.7,77.7,6
"T13","2021-08",17.3,29.4,12,65,28.2,77.7,36
"T14","2021-08",17.6,27.6,10,61,27.3,77.7,28
"T15","2021-08",15.8,31,15.2,55,22.2,77.7,2
"T16","2021-08",18.5,29.6,11.1,63,27.6,77.7,36
"T17","2021-08",17.8,27.6,9.8,63,34.8,77.7,45
"T18","2021-08",16.7,31.5,14.8,57,23.1,77.7,4
"T19","2021-08",17.5,28.8,11.3,63,25.4,77.7,37
"T20","2021-08",17.1,28,10.9,61,26.7,77.7,32
"T21","2021-08",17.8,29,11.1,66,26.7,77.7,37
"T22","2021-08",16.7,27.8,11.1,63,27,77.7,38
"T23","2021-08",16.4,30,13.6,65,23.8,77.7,13
"T24","2021-08",17.8,27.9,10.1,68,27.1,77.7,38
"T25","2021-08",17.5,27,9.4,70,35.3,77.7,55
"T26","2021-08",18,25.7,7.7,69,36.3,77.7,51
"T27","2021-08",18.1,27.5,9.4,70,30.4,77.7,47
"T28","2021-08",17.1,30.5,13.4,62,28.3,77.7,11
"T29","2021-08",18.8,27.8,8.9,66,34.4,77.7,48
"T30","2021-08",17.8,28,10.3,70,30.8,77.7,32
"T31","2021-08",17.4,28.7,11.2,72,35,77.7,39
"T32","2021-08",17.2,28.2,11,66,32.8,77.7,33
"T33","2021-08",18,28.9,10.9,66,31.3,77.7,29
"T34","2021-08",17.3,27.6,10.2,72,35.8,77.7,35
"T35","2021-08",17.8,27.8,10,73,34.2,77.7,51
"T36","2021-08",19.1,28.2,9.2,70,30,77.7,34
"T01","2021-09",18.3,31.9,13.6,52,11.7,35.7,4
"T02","2021-09",19.1,27.3,8.2,64,20.9,35.7,63
"T03","2021-09",17.9,29.2,11.3,58,18.2,35.7,29
"T04","2021-09",16.6,29.1,12.5,53,15.3,35.7,36
"T05","2021-09",16.8,32.4,15.6,52,15.5,35.7,2
"T06","2021-09",17.7,30.8,13.2,53,16.4,35.7,29
"T07","2021-09",16.5,31.3,14.8,52,10.1,35.7,12
"T08","2021-09",17.2,32.2,14.9,47,10.3,35.7,2
"T09","2021-09",17.4,30.8,13.3,57,16.9,35.7,28
"T10","2021-09",18.1,28.4,10.3,58,21.1,35.7,49
"T11","2021-09",18.8,28.6,9.8,55,16,35.7,36
"T12","2021-09",17.1,32.4,15.3,53,12,35.7,6
"T13","2021-09",18.7,28.9,10.2,66,18.2,35.7,36
"T14","2021-09",17.9,30,12.1,60,20.5,35.7,28
"T15","2021-09",17.1,32.2,15.1,54,14.8,35.7,2
"T16","2021-09",18.7,28.6,9.9,61,20.5,35.7,36
"T17","2021-09",18.9,29.4,10.5,62,28.9,35.7,45
"T18","2021-09",17.6,32.2,14.7,59,13.2,35.7,4
"T19","2021-09",18.3,29.9,11.7,56,19.1,35.7,37
"T20","2021-09",19.2,29.8,10.6,63,16.2,35.7,32
"T21","2021-09",18.5,30,11.6,63,21.4,35.7,37
"T22","2021-09",18,29.1,11,64,17.2,35.7,38
"T23","2021-09",17.5,31.5,14,53,15.8,35.7,13
"T24","2021-09",17.9,30.3,12.4,63,18.4,35.7,38
"T25","2021-09",18.4,28.9,10.5,68,30,35.7,55
"T26","2021-09",19.2,28.1,8.9,73,31.9,35.7,51
"T27","2021-09",18.5,29,10.6,63,27.6,35.7,47
"T28","2021-09",17.9,31.4,13.5,62,21.8,35.7,11
"T29","2021-09",18.2,29.6,11.3,73,27.3,35.7,48
"T30","2021-09",18.2,28.3,10.1,65,24.6,35.7,32
"T31","2021-09",18.1,30.2,12.1,69,26.6,35.7,39
"T32","2021-09",18.3,29.9,11.5,64,23.9,35.7,33
"T33","2021-09",17.8,30.2,12.4,65,28.6,35.7,29
"T34","2021-09",19,29.4,10.4,65,24.7,35.7,35
"T35","2021-09",18.3,28.8,10.5,72,26.1,35.7,51
"T36","2021-09",18.6,29.6,11,64,23.1,35.7,34
"T01","2021-10",17.8,30.3,12.5,51,20.7,73.6,4
"T02","2021-10",17.5,25.5,8,68,29.5,73.6,63
"T03","2021-10",17.5,29,11.5,55,25.2,73.6,29
"T04","2021-10",17.9,27.2,9.3,62,30.1,73.6,36
"T05","2021-10",17,31.2,14.2,51,23,73.6,2
"T06","2021-10",17.2,29.6,12.4,58,31.1,73.6,29
"T07","2021-10",17,30.5,13.5,58,20.9,73.6,12
"T08","2021-10",17.5,31.1,13.6,51,24.3,73.6,2
"T09","2021-10",18,29,11,54,25.7,73.6,28
"T10","2021-10",17.8,29,11.2,65,30.6,73.6,49
"T11","2021-10",18.8,29,10.2,56,30.8,73.6,36
"T12","2021-10",17.1,31.1,14,55,25.9,73.6,6
"T13","2021-10",17.6,28.7,11,64,31.4,73.6,36
"T14","2021-10",17.9,29,11.1,65,30.5,73.6,28
"T15","2021-10",18.3,32.1,13.8,53,27.1,73.6,2
"T16","2021-10",17.9,28.4,10.5,65,31.8,73.6,36
"T17","2021-10",18.5,28.2,9.7,65,31.4,73.6,45
"T18","2021-10",18,30.6,12.6,58,27.5,73.6,4
"T19","2021-10",18.3,29.4,11.1,61,30.5,73.6,37
"T20","2021-10",17.9,28,10.1,69,27,73.6,32
"T21","2021-10",18.3,28.5,10.2,66,33.1,73.6,37
"T22","2021-10",18.5,29.6,11.1,66,29.7,73.6,38
"T23","2021-10",17.6,31.2,13.6,59,29.7,73.6,13
"T24","2021-10",17.8,27.7,9.9,63,33.7,73.6,38
"T25","2021-10",18.6,27.4,8.9,72,38.6,73.6,55
"T26","2021-10",18.5,27.1,8.6,76,38.8,73.6,51
"T27","2021-10",17.9,28.2,10.3,76,40.3,73.6,47
"T28","2021-10",18.6,29.9,11.4,64,31.7,73.6,11
"T29","2021-10",19.2,28.7,9.5,75,35.6,73.6,48
"T30","2021-10",17.7,28.9,11.2,62,37.3,73.6,32
"T31","2021-10",18.8,29.5,10.7,65,41.6,73.6,39
"T32","2021-10",18.2,29.8,11.7,72,39.5,73.6,33
"T33","2021-10",18.1,28.6,10.4,67,35.2,73.6,29
"T34","2021-10",17.9,28.7,10.8,66,37.4,73.6,35
"T35","2021-10",17.9,28.1,10.2,75,37.5,73.6,51
"T36","2021-10",18.6,30.2,11.6,69,35.7,73.6,34
"T01","2021-11",17.2,31.2,13.9,57,15.1,34.6,4
"T02","2021-11",18,26.2,8.2,64,24.6,34.6,63
"T03","2021-11",17.8,28.1,10.2,59,22.8,34.6,29
"T04","2021-11",17.7,28.5,10.8,66,20.5,34.6,36
"T05","2021-11",16.9,31.7,14.8,53,16.7,34.6,2
"T06","2021-11",17.4,28.9,11.5,62,19.9,34.6,29
"T07","2021-11",17.8,30.2,12.4,55,17.5,34.6,12
"T08","2021-11",16.6,30.5,14,56,17.2,34.6,2
"T09","2021-11",17.1,28,10.9,63,18.6,34.6,28
"T10","2021-11",18.5,27.7,9.3,65,26.5,34.6,49
"T11","2021-11",17.5,28.3,10.8,59,24.5,34.6,36
"T12","2021-11",16.7,31,14.2,58,16.4,34.6,6
"T13","2021-11",19,29,9.9,66,27.9,34.6,36
"T14","2021-11",18.5,29.9,11.5,67,26.2,34.6,28
"T15","2021-11",17.2,30.3,13.1,58,18.9,34.6,2
"T16","2021-11",17.4,29,11.7,63,26.7,34.6,36
"T17","2021-11",17.6,29.1,11.5,64,26.2,34.6,45
"T18","2021-11",18.2,30.9,12.7,56,18.7,34.6,4
"T19","2021-11",18.4,28.7,10.3,69,27.8,34.6,37
"T20","2021-11",16.8,29.7,12.9,64,26.1,34.6,32
"T21","2021-11",18.1,28.5,10.4,67,27.1,34.6,37
"T22","2021-11",18.6,28.4,9.9,64,27.3,34.6,38
"T23","2021-11",17.3,30.3,13,64,19.8,34.6,13
"T24","2021-11",18.4,29.7,11.3,65,26.8,34.6,38
"T25","2021-11",19.1,27.9,8.7,75,35.4,34.6,55
"T26","2021-11",18.5,28.2,9.6,70,34.1,34.6,51
"T27","2021-11",18.4,28.1,9.7,75,36.1,34.6,47
"T28","2021-11",17.3,31.1,13.8,64,28.1,34.6,11
"T29","2021-11",18.8,28.4,9.6,73,37.3,34.6,48
"T30","2021-11",18.4,28.3,9.9,66,30.8,34.6,32
"T31","2021-11",19.1,28.9,9.8,67,32,34.6,39
"T32","2021-11",17.9,30.1,12.3,69,30.7,34.6,33
"T33","2021-11",18,27.9,9.9,71,34.7,34.6,29
"T34","2021-11",18.1,29.1,11,70,30.5,34.6,35
"T35","2021-11",19.2,27.7,8.5,74,34.5,34.6,51
"T36","2021-11",17.9,28.3,10.4,73,30.7,34.6,34
"T01","2021-12",15.9,27.5,11.6,58,23.2,78.4,4
"T02","2021-12",17.1,24.5,7.3,73,32.5,78.4,63
"T03","2021-12",16,26.6,10.5,67,26.6,78.4,29
"T04","2021-12",16,26.3,10.3,62,30.1,78.4,36
"T05","2021-12",15.4,28.8,13.4,57,23.7,78.4,2
"T06","2021-12",16.5,25.9,9.5,65,23.2,78.4,29
"T07","2021-12",16.4,28.8,12.4,59,21.8,78.4,12
"T08","2021-12",15.7,28.4,12.6,54,26.7,78.4,2
"T09","2021-12",16.8,25.8,9,58,26.9,78.4,28
"T10","2021-12",16.7,24.7,8,68,30.4,78.4,49
"T11","2021-12",16.5,24.6,8.1,63,27.7,78.4,36
"T12","2021-12",15.3,28.3,13.1,53,21.6,78.4,6
"T13","2021-12",17.2,25,7.8,69,31.2,78.4,36
"T14","2021-12",16.3,26,9.7,71,31,78.4,28
"T15","2021-12",15.9,28.1,12.2,63,28.1,78.4,2
"T16","2021-12",16.3,25.8,9.5,71,34.2,78.4,36
"T17","2021-12",16.6,25.5,8.9,74,35.1,78.4,45
"T18","2021-12",16,28.3,12.3,64,29.3,78.4,4
"T19","2021-12",17.3,25.3,8.1,67,29.3,78.4,37
"T20","2021-12",16.5,25.8,9.3,70,31.7,78.4,32
"T21","2021-12",17,26.8,9.9,67,32.6,78.4,37
"T22","2021-12",17.3,25.3,7.9,67,32.8,78.4,38
"T23","2021-12",16.4,28.3,11.9,65,30.5,78.4,13
"T24","2021-12",17.1,27,9.9,75,31.9,78.4,38
"T25","2021-12",16.7,25.1,8.4,76,44,78.4,55
"T26","2021-12",17.5,25.6,8,77,40.6,78.4,51
"T27","2021-12",17.1,25,7.9,78,40.1,78.4,47
"T28","2021-12",16.6,28.6,12,73,30.7,78.4,11
"T29","2021-12",17.8,24.8,7,73,37.3,78.4,48
"T30","2021-12",17,26.1,9,75,33.7,78.4,32
"T31","2021-12",17.5,25.9,8.4,80,38.7,78.4,39
"T32","2021-12",17.3,27.1,9.8,72,37.8,78.4,33
"T33","2021-12",16.8,27.4,10.6,69,37,78.4,29
"T34","2021-12",17,25.9,8.8,75,36.8,78.4,35
"T35","2021-12",17.5,27.1,9.7,72,39.8,78.4,51
"T36","2021-12",17.4,25.4,8,73,33.4,78.4,34
"T01","2022-01",14.7,26.8,12,63,30,135,8
"T02","2022-01",15.9,23.2,7.4,70,38.7,135,43
"T03","2022-01",14.9,22.7,7.8,65,35.6,135,36
"T04","2022-01",14.9,25.1,10.2,74,37.7,135,36
"T05","2022-01",15.3,26,10.7,63,27.1,135,2
"T06","2022-01",15.7,22.8,7.1,75,28.2,135,34
"T07","2022-01",14,26.5,12.5,60,27.2,135,6
"T08","2022-01",14.5,25.2,10.8,62,30.6,135,10
"T09","2022-01",14.9,25.1,10.2,65,35.8,135,24
"T10","2022-01",15.3,23.9,8.6,67,35.9,135,34
"T11","2022-01",15.6,23.5,7.8,72,38.8,135,41
"T12","2022-01",14,26.7,12.7,54,30.2,135,2
"T13","2022-01",15.7,25.5,9.8,72,38.7,135,17
"T14","2022-01",14.1,23.7,9.6,71,39.9,135,34
"T15","2022-01",14,26.7,12.7,58,30.9,135,3
"T16","2022-01",15.1,24.2,9.2,67,39.4,135,32
"T17","2022-01",15.6,22.1,6.5,77,42,135,53
"T18","2022-01",14.3,25.4,11.1,61,33.4,135,18
"T19","2022-01",14.7,26.3,11.5,69,36.2,135,24
"T20","2022-01",14.4,22.4,8,74,39.2,135,40
"T21","2022-01",15.6,24.5,8.9,80,40.5,135,37
"T22","2022-01",15.1,24.6,9.5,68,38.1,135,27
"T23","2022-01",13.5,25.8,12.3,61,35.2,135,10
"T24","2022-01",14.7,25.2,10.4,69,40,135,30
"T25","2022-01",15.6,23.3,7.7,77,46,135,50
"T26","2022-01",15.7,22.9,7.2,76,46,135,43
"T27","2022-01",15,22.9,7.9,86,46,135,49
"T28","2022-01",14.6,26.4,11.8,69,38,135,2
"T29","2022-01",16,22.6,6.6,81,46,135,50
"T30","2022-01",14.6,25.3,10.7,77,41.3,135,28
"T31","2022-01",16.4,24.1,7.7,76,43.9,135,42
"T32","2022-01",15.9,23,7.2,79,45.3,135,42
"T33","2022-01",16.4,22.6,6.2,81,44.7,135,46
"T34","2022-01",14.9,24.7,9.8,81,43.9,135,27
"T35","2022-01",15.2,24.7,9.6,82,45.4,135,41
"T36","2022-01",15.3,25.4,10.2,73,44.9,135,25
"T01","2022-02",12.2,23.5,11.3,64,37.8,187.5,8
"T02","2022-02",13.1,21.9,8.8,75,44.6,187.5,43
"T03","2022-02",13,21.1,8,69,41.2,187.5,36
"T04","2022-02",13.2,21.5,8.3,73,43.4,187.5,36
"T05","2022-02",12.8,23.2,10.4,65,37.2,187.5,2
"T06","2022-02",13.5,21.9,8.4,66,40.4,187.5,34
"T07","2022-02",12.3,23.9,11.6,71,37.3,187.5,6
"T08","2022-02",13.3,24.3,11.1,64,37.8,187.5,10
"T09","2022-02",13.5,23.6,10.2,63,40.5,187.5,24
"T10","2022-02",12.7,20.9,8.1,76,39.3,187.5,34
"T11","2022-02",13.3,23.3,10,77,42.5,187.5,41
"T12","2022-02",12.4,25.5,13.1,59,38.4,187.5,2
"T13","2022-02",13,24.8,11.8,67,43.6,187.5,17
"T14","2022-02",13.4,21.4,8,78,45.5,187.5,34
"T15","2022-02",13,24.7,11.7,66,39.8,187.5,3
"T16","2022-02",13,23.2,10.3,67,44.5,187.5,32
"T17","2022-02",13.5,20.3,6.8,82,46,187.5,53
"T18","2022-02",13.8,24,10.2,66,44.3,187.5,18
"T19","2022-02",13.2,23.1,9.9,69,41.9,187.5,24
"T20","2022-02",14.1,22.8,8.7,76,43,187.5,40
"T21","2022-02",13.5,22.1,8.6,76,46,187.5,37
"T22","2022-02",12.9,22.5,9.6,76,44.2,187.5,27
"T23","2022-02",12.7,23.6,11,70,40.7,187.5,10
"T24","2022-02",12.3,20.9,8.6,70,46,187.5,30
"T25","2022-02",14.3,20.8,6.5,79,46,187.5,50
"T26","2022-02",14.3,21.6,7.3,89,46,187.5,43
"T27","2022-02",14.3,21.2,6.9,79,46,187.5,49
"T28","2022-02",13.5,24.9,11.4,68,44.4,187.5,2
"T29","2022-02",14,21.4,7.4,79,46,187.5,50
"T30","2022-02",13.8,24.3,10.6,77,46,187.5,28
"T31","2022-02",12.9,22,9,80,46,187.5,42
"T32","2022-02",13.1,20.7,7.6,76,46,187.5,42
"T33","2022-02",14.7,20,5.4,92,46,187.5,46
"T34","2022-02",13.6,22.4,8.8,77,46,187.5,27
"T35","2022-02",13.5,21.7,8.2,84,46,187.5,41
"T36","2022-02",14.2,22.7,8.6,82,46,187.5,25
"T01","2022-03",12.3,20.8,8.5,67,46,265.4,8
"T02","2022-03",11.8,18.7,6.8,77,46,265.4,43
"T03","2022-03",12.9,20.3,7.4,69,46,265.4,36
"T04","2022-03",13.2,19.7,6.5,74,46,265.4,36
"T05","2022-03",11.1,20.8,9.7,69,46,265.4,2
"T06","2022-03",12,20.3,8.2,72,46,265.4,34
"T07","2022-03",11.7,20.6,8.9,69,46,265.4,6
"T08","2022-03",11.4,21.9,10.5,64,46,265.4,10
"T09","2022-03",12.4,19.5,7.1,72,46,265.4,24
"T10","2022-03",12.3,19.4,7.2,72,46,265.4,34
"T11","2022-03",14.1,19.7,5.6,77,46,265.4,41
"T12","2022-03",11,22,11,58,44.6,265.4,2
"T13","2022-03",12.7,21.4,8.7,77,46,265.4,17
"T14","2022-03",13.3,20.3,7,81,46,265.4,34
"T15","2022-03",11.8,23.2,11.3,70,46,265.4,3
"T16","2022-03",12.8,19.9,7,76,46,265.4,32
"T17","2022-03",13.1,18.3,5.2,76,46,265.4,53
"T18","2022-03",12.5,22.3,9.7,74,46,265.4,18
"T19","2022-03",12.4,20.3,7.9,72,46,265.4,24
"T20","2022-03",12.9,18.8,5.9,84,46,265.4,40
"T21","2022-03",13.6,20.1,6.5,79,46,265.4,37
"T22","2022-03",12.5,20.6,8.1,78,46,265.4,27
"T23","2022-03",11.8,22.5,10.7,67,46,265.4,10
"T24","2022-03",12.6,19.9,7.3,80,46,265.4,30
"T25","2022-03",13.5,18.9,5.4,85,46,265.4,50
"T26","2022-03",13.1,19.7,6.6,88,46,265.4,43
"T27","2022-03",13.3,18.5,5.2,86,46,265.4,49
"T28","2022-03",12.3,23.9,11.6,71,46,265.4,2
"T29","2022-03",13.3,18.6,5.3,87,46,265.4,50
"T30","2022-03",11.8,19.6,7.8,81,46,265.4,28
"T31","2022-03",13.4,18.8,5.4,83,46,265.4,42
"T32","2022-03",13.6,20.3,6.7,86,46,265.4,42
"T33","2022-03",13.1,19.4,6.3,88,46,265.4,46
"T34","2022-03",12.6,21.6,9,79,46,265.4,27
"T35","2022-03",13.6,19.1,5.6,87,46,265.4,41
"T36","2022-03",11.9,20.2,8.3,82,46,265.4,25
"T01","2022-04",12.1,20.6,8.5,63,44.1,247.5,8
"T02","2022-04",13.4,19.1,5.7,74,46,247.5,43
"T03","2022-04",12.7,18.6,5.9,76,46,247.5,36
"T04","2022-04",11.7,19.2,7.5,78,46,247.5,36
"T05","2022-04",11.7,22,10.3,74,46,247.5,2
"T06","2022-04",12.6,19.2,6.7,74,46,247.5,34
"T07","2022-04",11.7,21.4,9.7,60,46,247.5,6
"T08","2022-04",11.4,21.3,9.9,66,45.3,247.5,10
"T09","2022-04",11.3,20.6,9.3,71,46,247.5,24
"T10","2022-04",12.2,19.4,7.2,75,46,247.5,34
"T11","2022-04",12.1,19.7,7.6,79,46,247.5,41
"T12","2022-04",12.2,22.8,10.6,70,46,247.5,2
"T13","2022-04",13,21.5,8.6,74,46,247.5,17
"T14","2022-04",11.8,18.6,6.8,79,46,247.5,34
"T15","2022-04",11.4,21.8,10.4,70,45.8,247.5,3
"T16","2022-04",12.5,20.4,7.9,79,46,247.5,32
"T17","2022-04",12.1,19.1,7,83,46,247.5,53
"T18","2022-04",12.2,19.1,6.9,69,46,247.5,18
"T19","2022-04",12.1,20.3,8.2,76,46,247.5,24
"T20","2022-04",12.2,18.6,6.4,83,46,247.5,40
"T21","2022-04",12.3,19.9,7.6,76,46,247.5,37
"T22","2022-04",12.4,19.6,7.3,82,46,247.5,27
"T23","2022-04",12.6,21.3,8.7,71,46,247.5,10
"T24","2022-04",12.7,19.6,6.9,81,46,247.5,30
"T25","2022-04",13.3,19,5.7,86,46,247.5,50
"T26","2022-04",12.5,19.4,7,81,46,247.5,43
"T27","2022-04",12.6,18.6,6,85,46,247.5,49
"T28","2022-04",11.8,22.6,10.7,80,46,247.5,2
"T29","2022-04",12.6,18.9,6.3,84,46,247.5,50
"T30","2022-04",12.5,21.1,8.5,81,46,247.5,28
"T31","2022-04",13,18.8,5.8,91,46,247.5,42
"T32","2022-04",12.4,19.6,7.1,83,46,247.5,42
"T33","2022-04",12.5,18.4,5.9,88,46,247.5,46
"T34","2022-04",12.5,20.1,7.6,78,46,247.5,27
"T35","2022-04",12.7,19.7,7,82,46,247.5,41
"T36","2022-04",12.2,21.6,9.4,80,46,247.5,25
"T01","2022-05",11.6,23,11.5,67,43.4,226.5,8
"T02","2022-05",13.6,20.9,7.3,76,46,226.5,43
"T03","2022-05",13.5,20.3,6.8,79,46,226.5,36
"T04","2022-05",13.9,21.6,7.7,76,46,226.5,36
"T05","2022-05",12.5,23.8,11.2,72,40.7,226.5,2
"T06","2022-05",12.5,19.5,7.1,74,43.3,226.5,34
"T07","2022-05",11.5,23.4,11.9,70,39.8,226.5,6
"T08","2022-05",13.2,23.1,9.8,69,44.1,226.5,10
"T09","2022-05",12.6,21.9,9.3,74,44,226.5,24
"T10","2022-05",12.8,20.7,7.9,73,46,226.5,34
"T11","2022-05",13.5,21,7.5,75,46,226.5,41
"T12","2022-05",12.7,23.6,10.8,65,43,226.5,2
"T13","2022-05",14,23.3,9.3,74,46,226.5,17
"T14","2022-05",13.9,21.8,7.8,79,46,226.5,34
"T15","2022-05",12.9,23.7,10.8,69,43.6,226.5,3
"T16","2022-05",13.2,21.3,8.1,80,46,226.5,32
"T17","2022-05",13.4,19.6,6.2,85,46,226.5,53
"T18","2022-05",13.3,22,8.8,71,46,226.5,18
"T19","2022-05",12.9,21.7,8.8,74,46,226.5,24
"T20","2022-05",13.8,19.9,6.1,77,46,226.5,40
"T21","2022-05",14.5,20.1,5.6,75,46,226.5,37
"T22","2022-05",12.6,22.4,9.8,77,46,226.5,27
"T23","2022-05",13.5,24,10.4,73,46,226.5,10
"T24","2022-05",13.5,21.9,8.4,78,46,226.5,30
"T25","2022-05",14.8,19.4,4.6,91,46,226.5,50
"T26","2022-05",13.9,20.5,6.6,80,46,226.5,43
"T27","2022-05",14.4,21.6,7.2,86,46,226.5,49
"T28","2022-05",13,23.8,10.8,75,46,226.5,2
"T29","2022-05",13.7,18.7,5.1,85,46,226.5,50
"T30","2022-05",13.6,21.3,7.7,84,46,226.5,28
"T31","2022-05",13.7,19.9,6.2,89,46,226.5,42
"T32","2022-05",13.4,21.3,7.9,87,46,226.5,42
"T33","2022-05",14.4,21,6.6,84,46,226.5,46
"T34","2022-05",14.2,21.7,7.5,79,46,226.5,27
"T35","2022-05",13.6,19,5.4,89,46,226.5,41
"T36","2022-05",14,21.5,7.5,79,46,226.5,25
"T01","2022-06",15.2,24.4,9.2,67,42.2,205.9,8
"T02","2022-06",15,23.1,8.1,72,45.1,205.9,43
"T03","2022-06",14.7,23.3,8.6,72,43.8,205.9,36
"T04","2022-06",14.4,21.9,7.6,73,43.2,205.9,36
"T05","2022-06",14.4,25.1,10.7,68,39.8,205.9,2
"T06","2022-06",15.3,21.2,5.9,70,44.3,205.9,34
"T07","2022-06",14.2,24.6,10.4,67,35.9,205.9,6
"T08","2022-06",13.9,24.5,10.6,63,39.9,205.9,10
"T09","2022-06",15.1,24.2,9.1,65,44.5,205.9,24
"T10","2022-06",14.9,21.2,6.3,67,45.6,205.9,34
"T11","2022-06",15.1,19.7,4.6,75,46,205.9,41
"T12","2022-06",14.1,24.4,10.3,63,39.4,205.9,2
"T13","2022-06",15,24.5,9.6,70,45.9,205.9,17
"T14","2022-06",14.7,22.4,7.8,71,46,205.9,34
"T15","2022-06",13.8,26.4,12.7,62,44.9,205.9,3
"T16","2022-06",14.9,23.6,8.7,72,46,205.9,32
"T17","2022-06",15.2,20.7,5.5,75,46,205.9,53
"T18","2022-06",14.6,23,8.4,72,43.5,205.9,18
"T19","2022-06",14.2,23.9,9.6,76,43.3,205.9,24
"T20","2022-06",14.3,21.9,7.6,75,46,205.9,40
"T21","2022-06",15.4,22.4,7.1,76,46,205.9,37
"T22","2022-06",14.8,24,9.2,76,46,205.9,27
"T23","2022-06",14.1,24.2,10.1,68,45.7,205.9,10
"T24","2022-06",14.9,22.7,7.9,74,43.8,205.9,30
"T25","2022-06",15.3,21.9,6.5,83,46,205.9,50
"T26","2022-06",15.5,21.5,6.1,83,46,205.9,43
"T27","2022-06",14.9,21.4,6.4,82,46,205.9,49
"T28","2022-06",15.1,23.2,8.1,72,46,205.9,2
"T29","2022-06",15.1,20.5,5.4,88,46,205.9,50
"T30","2022-06",14.3,24.3,10,75,46,205.9,28
"T31","2022-06",15,22.6,7.6,83,46,205.9,42
"T32","2022-06",15.2,22.3,7.2,83,46,205.9,42
"T33","2022-06",14.9,21.8,6.9,83,46,205.9,46
"T34","2022-06",15.4,23.6,8.2,75,46,205.9,27
"T35","2022-06",16.2,22.8,6.6,75,46,205.9,41
"T36","2022-06",15.2,22.7,7.5,85,46,205.9,25
"T01","2022-07",15.2,27.8,12.6,63,34.5,151.6,8
"T02","2022-07",16.3,23.6,7.3,75,41.5,151.6,43
"T03","2022-07",15.4,22.9,7.6,71,35.7,151.6,36
"T04","2022-07",16.2,25.2,9.1,69,38.7,151.6,36
"T05","2022-07",15.3,27.1,11.8,60,34.9,151.6,2
"T06","2022-07",16.1,25.2,9,66,36.3,151.6,34
"T07","2022-07",15.1,26.3,11.2,61,36.2,151.6,6
"T08","2022-07",16.4,25.4,9,56,35.4,151.6,10
"T09","2022-07",16.7,24.6,7.9,67,36,151.6,24
"T10","2022-07",15.4,24.5,9.1,65,39.2,151.6,34
"T11","2022-07",15.2,25.1,9.9,66,38.8,151.6,41
"T12","2022-07",14.4,27.6,13.2,64,36.3,151.6,2
"T13","2022-07",15.2,25.4,10.2,67,36.8,151.6,17
"T14","2022-07",16.1,25.2,9.2,74,43.5,151.6,34
"T15","2022-07",14.9,27.9,13,69,36.5,151.6,3
"T16","2022-07",15.8,23.7,8,75,40.3,151.6,32
"T17","2022-07",16.8,23.7,7,78,43.6,151.6,53
"T18","2022-07",16.3,25.5,9.2,66,40,151.6,18
"T19","2022-07",16.1,25.7,9.6,64,40,151.6,24
"T20","2022-07",16.1,24.9,8.8,76,41,151.6,40
"T21","2022-07",16.3,24.3,8,73,39.7,151.6,37
"T22","2022-07",15.2,24.8,9.6,74,37.5,151.6,27
"T23","2022-07",15.8,26.1,10.4,69,39.2,151.6,10
"T24","2022-07",16.2,26.5,10.4,72,37.3,151.6,30
"T25","2022-07",16.1,23,6.9,80,46,151.6,50
"T26","2022-07",16.2,23.1,6.9,72,46,151.6,43
"T27","2022-07",16.4,24,7.6,75,46,151.6,49
"T28","2022-07",15,27.7,12.7,68,41.9,151.6,2
"T29","2022-07",17.1,23.6,6.6,80,46,151.6,50
"T30","2022-07",15.8,25.6,9.9,75,42.2,151.6,28
"T31","2022-07",16,24.2,8.2,77,46,151.6,42
"T32","2022-07",16.5,25.2,8.6,76,45.7,151.6,42
"T33","2022-07",16.7,22.7,6,75,46,151.6,46
"T34","2022-07",15.7,25.5,9.7,75,46,151.6,27
"T35","2022-07",16.2,23.7,7.5,80,46,151.6,41
"T36","2022-07",16.1,25.2,9.1,76,43.2,151.6,25
"T01","2022-08",16.6,28.9,12.2,58,29.2,134.9,8
"T02","2022-08",17.4,25.8,8.3,64,31.5,134.9,43
"T03","2022-08",16.7,28,11.3,69,30.9,134.9,36
"T04","2022-08",16.8,26.9,10.1,64,33.9,134.9,36
"T05","2022-08",16.6,29.3,12.7,56,31.1,134.9,2
"T06","2022-08",17.4,26.5,9.1,60,31.9,134.9,34
"T07","2022-08",17.1,28.6,11.5,59,32.7,134.9,6
"T08","2022-08",15.7,29.1,13.4,55,31.3,134.9,10
"T09","2022-08",16.7,28.3,11.6,62,33.1,134.9,24
"T10","2022-08",17.7,27.3,9.6,62,33.7,134.9,34
"T11","2022-08",17,25.2,8.2,68,39,134.9,41
"T12","2022-08",16.6,29.5,12.9,57,31.9,134.9,2
"T13","2022-08",17,28.7,11.7,65,33.6,134.9,17
"T14","2022-08",17.3,26.5,9.2,65,39.8,134.9,34
"T15","2022-08",17,29,12,59,32.9,134.9,3
"T16","2022-08",17.2,27.8,10.7,73,39.4,134.9,32
"T17","2022-08",17.6,24.3,6.7,72,44.6,134.9,53
"T18","2022-08",16.7,27.8,11.1,65,37.3,134.9,18
"T19","2022-08",16.9,27.6,10.7,68,37.3,134.9,24
"T20","2022-08",17.2,25.8,8.7,71,41.1,134.9,40
"T21","2022-08",17.3,25.3,8,71,37.7,134.9,37
"T22","2022-08",17.4,28,10.7,73,36,134.9,27
"T23","2022-08",16.6,27.8,11.2,62,36.3,134.9,10
"T24","2022-08",17.1,27.7,10.5,69,38.8,134.9,30
"T25","2022-08",18.1,25.3,7.2,72,46,134.9,50
"T26","2022-08",19,25.1,6.1,73,44.3,134.9,43
"T27","2022-08",17.6,26,8.5,76,45.4,134.9,49
"T28","2022-08",17.8,28.8,11,63,37.9,134.9,2
"T29","2022-08",18,27,9.1,76,44.5,134.9,50
"T30","2022-08",17.6,28,10.4,75,42.2,134.9,28
"T31","2022-08",17.5,26.4,8.9,73,43.6,134.9,42
"T32","2022-08",18,26.8,8.9,74,43.4,134.9,42
"T33","2022-08",18.8,26.5,7.8,77,42.2,134.9,46
"T34","2022-08",17.5,27.5,10,72,45.4,134.9,27
"T35","2022-08",17.3,25.9,8.7,80,44.4,134.9,41
"T36","2022-08",17.5,28.4,10.8,75,42.6,134.9,25
"T01","2022-09",17.2,30.9,13.7,56,21.5,64.3,8
"T02","2022-09",17.5,28.8,11.3,62,27.6,64.3,43
"T03","2022-09",18.1,29.6,11.5,63,23,64.3,36
"T04","2022-09",17.7,28.4,10.7,60,28.3,64.3,36
"T05","2022-09",16.8,32.3,15.5,55,18,64.3,2
"T06","2022-09",17.8,28.6,10.8,62,25.2,64.3,34
"T07","2022-09",17.5,29.7,12.2,55,22.1,64.3,6
"T08","2022-09",17.8,30.2,12.4,57,26.3,64.3,10
"T09","2022-09",17.7,30.9,13.2,59,23.3,64.3,24
"T10","2022-09",18.4,29.1,10.7,61,26.1,64.3,34
"T11","2022-09",18.5,28.5,10,65,28.1,64.3,41
"T12","2022-09",17.4,30.1,12.7,56,22.1,64.3,2
"T13","2022-09",17.1,30.4,13.4,58,28,64.3,17
"T14","2022-09",18.1,28.6,10.5,56,27.8,64.3,34
"T15","2022-09",17.5,31.1,13.6,60,25.1,64.3,3
"T16","2022-09",18.2,29.9,11.6,72,30.6,64.3,32
"T17","2022-09",18.9,29.3,10.4,64,37.5,64.3,53
"T18","2022-09",19.2,30.6,11.5,63,27.8,64.3,18
"T19","2022-09",18.4,30.4,12,65,30.5,64.3,24
"T20","2022-09",18.5,28.7,10.2,68,30.8,64.3,40
"T21","2022-09",18.2,28.5,10.4,65,27.6,64.3,37
"T22","2022-09",18.5,29,10.4,68,26.5,64.3,27
"T23","2022-09",18.8,30.7,11.9,61,24.5,64.3,10
"T24","2022-09",18.5,28.3,9.8,65,32.2,64.3,30
"T25","2022-09",19.6,28.4,8.8,75,38.7,64.3,50
"T26","2022-09",18.6,28.5,9.8,70,38.7,64.3,43
"T27","2022-09",18.8,27.4,8.6,75,40,64.3,49
"T28","2022-09",18.5,30.6,12.1,63,31.7,64.3,2
"T29","2022-09",19,28.5,9.5,79,35.9,64.3,50
"T30","2022-09",18.1,30.2,12.1,69,34.4,64.3,28
"T31","2022-09",18.1,28.7,10.6,71,40,64.3,42
"T32","2022-09",18.7,29.2,10.5,70,34.6,64.3,42
"T33","2022-09",18.9,27.8,8.9,78,37.3,64.3,46
"T34","2022-09",18.3,29.3,11,70,33.7,64.3,27
"T35","2022-09",18.6,28.9,10.3,71,36.8,64.3,41
"T36","2022-09",18,29.9,12,68,30.8,64.3,25
"T01","2022-10",18.3,30.4,12.1,59,20.9,46.5,8
"T02","2022-10",17.9,28.3,10.4,68,25.6,46.5,43
"T03","2022-10",18.6,29.7,11.2,68,23.2,46.5,36
"T04","2022-10",18.2,29.2,11,57,21.8,46.5,36
"T05","2022-10",18.2,31.9,13.7,52,16.6,46.5,2
"T06","2022-10",18.5,28.8,10.4,58,22.4,46.5,34
"T07","2022-10",17.4,31.4,13.9,56,17.6,46.5,6
"T08","2022-10",18.4,31.6,13.2,55,21.1,46.5,10
"T09","2022-10",18.1,30,12,57,21,46.5,24
"T10","2022-10",17.9,28.1,10.2,55,22.1,46.5,34
"T11","2022-10",18.8,28.7,10,63,26,46.5,41
"T12","2022-10",16.9,32,15.1,52,18.5,46.5,2
"T13","2022-10",18.6,31.7,13.1,61,26.9,46.5,17
"T14","2022-10",18.5,29.9,11.4,64,25.7,46.5,34
"T15","2022-10",18.3,30.8,12.4,51,24.6,46.5,3
"T16","2022-10",18.2,29.2,11,61,29.7,46.5,32
"T17","2022-10",19.2,27.5,8.4,65,29.2,46.5,53
"T18","2022-10",18.5,30,11.5,57,25.9,46.5,18
"T19","2022-10",18.3,28.5,10.2,65,24.3,46.5,24
"T20","2022-10",19.3,28.3,9,63,27.3,46.5,40
"T21","2022-10",18.6,29.1,10.5,67,32.2,46.5,37
"T22","2022-10",18.1,29.2,11.1,63,22.5,46.5,27
"T23","2022-10",18.1,32,13.8,61,22.1,46.5,10
"T24","2022-10",18.8,29.4,10.5,61,24.9,46.5,30
"T25","2022-10",18.6,27.7,9.1,70,36.3,46.5,50
"T26","2022-10",19.9,29.1,9.2,70,34,46.5,43
"T27","2022-10",18.9,28.4,9.5,74,38.6,46.5,49
"T28","2022-10",19,31.2,12.2,64,29.6,46.5,2
"T29","2022-10",18.3,29.1,10.8,73,31.7,46.5,50
"T30","2022-10",18.9,30,11.1,69,32.8,46.5,28
"T31","2022-10",18.9,28.1,9.3,68,30.8,46.5,42
"T32","2022-10",18.8,28.7,9.9,70,29.9,46.5,42
"T33","2022-10",19.8,28.8,9,70,35.1,46.5,46
"T34","2022-10",19,30,10.9,72,28.9,46.5,27
"T35","2022-10",19.1,28.9,9.9,76,37.9,46.5,41
"T36","2022-10",18.6,30.8,12.2,63,34.2,46.5,25
"T01","2022-11",18,31.2,13.3,55,18,51.5,8
"T02","2022-11",19.7,26.9,7.2,67,26.9,51.5,43
"T03","2022-11",18,27.4,9.4,61,22.3,51.5,36
"T04","2022-11",17.9,27.7,9.7,60,25.1,51.5,36
"T05","2022-11",18.3,30.9,12.6,52,22.9,51.5,2
"T06","2022-11",18,28.5,10.4,65,22.1,51.5,34
"T07","2022-11",17.5,30.7,13.2,56,24,51.5,6
"T08","2022-11",17.6,30.4,12.8,56,19.8,51.5,10
"T09","2022-11",17.7,27.6,10,62,25.2,51.5,24
"T10","2022-11",17.7,28.6,11,62,22.3,51.5,34
"T11","2022-11",18.1,27,8.9,63,24.1,51.5,41
"T12","2022-11",17.4,31.1,13.7,51,19.1,51.5,2
"T13","2022-11",17.7,29.1,11.4,56,26.9,51.5,17
"T14","2022-11",17.5,27.5,10,64,24.8,51.5,34
"T15","2022-11",17.1,30.7,13.6,56,23.1,51.5,3
"T16","2022-11",17.9,28.9,11,66,27,51.5,32
"T17","2022-11",18.7,25.6,6.9,68,28.7,51.5,53
"T18","2022-11",17.3,29.9,12.6,66,26.9,51.5,18
"T19","2022-11",18.7,29.2,10.4,63,27.5,51.5,24
"T20","2022-11",18.4,27.9,9.6,69,29.5,51.5,40
"T21","2022-11",17.9,27.4,9.6,65,29.3,51.5,37
"T22","2022-11",18.1,28.9,10.8,59,24.9,51.5,27
"T23","2022-11",18.4,30.6,12.2,57,17.7,51.5,10
"T24","2022-11",19,28.2,9.2,67,25,51.5,30
"T25","2022-11",18.8,26.5,7.7,73,36.1,51.5,50
"T26","2022-11",18.9,28.5,9.6,67,35.1,51.5,43
"T27","2022-11",18.5,27.3,8.8,75,34.4,51.5,49
"T28","2022-11",17.7,31.1,13.4,59,26,51.5,2
"T29","2022-11",18.9,25.7,6.8,81,36.4,51.5,50
"T30","2022-11",18.3,27.6,9.3,68,33.3,51.5,28
"T31","2022-11",18.4,28.4,10,71,34,51.5,42
"T32","2022-11",18.1,27.7,9.6,75,35.3,51.5,42
"T33","2022-11",18.6,27.3,8.6,73,35.9,51.5,46
"T34","2022-11",18.5,27.8,9.2,65,29.7,51.5,27
"T35","2022-11",18.4,27.4,8.9,69,34.6,51.5,41
"T36","2022-11",18.6,30,11.4,71,33.4,51.5,25
"T01","2022-12",15.2,28.6,13.4,56,21.7,80.1,8
"T02","2022-12",16.8,25.1,8.3,64,32.9,80.1,43
"T03","2022-12",16.3,25.3,9,65,27.9,80.1,36
"T04","2022-12",16.7,25.3,8.7,64,27.6,80.1,36
"T05","2022-12",16.5,27.4,10.9,60,27,80.1,2
"T06","2022-12",16.7,25.3,8.6,61,24.1,80.1,34
"T07","2022-12",16.7,27.7,11,58,25.9,80.1,6
"T08","2022-12",16.1,27.7,11.6,60,24.2,80.1,10
"T09","2022-12",17,26.2,9.1,61,25.5,80.1,24
"T10","2022-12",17.6,26.6,9,64,28.8,80.1,34
"T11","2022-12",15.8,25.6,9.8,67,32,80.1,41
"T12","2022-12",15.2,27.4,12.3,61,27.1,80.1,2
"T13","2022-12",16.1,27.3,11.2,75,32.4,80.1,17
"T14","2022-12",17.3,25.1,7.8,75,32.2,80.1,34
"T15","2022-12",15.9,28.8,13,63,29.3,80.1,3
"T16","2022-12",16.8,25.2,8.4,70,33.5,80.1,32
"T17","2022-12",17.9,24,6.1,69,33.3,80.1,53
"T18","2022-12",15.7,27.6,11.9,64,29.9,80.1,18
"T19","2022-12",16.7,26.4,9.7,64,31.8,80.1,24
"T20","2022-12",16.8,25.6,8.8,75,33.3,80.1,40
"T21","2022-12",16.7,25.6,8.9,68,32.3,80.1,37
"T22","2022-12",17.2,26.4,9.3,66,30.8,80.1,27
"T23","2022-12",16.9,28.2,11.4,68,27.5,80.1,10
"T24","2022-12",17.8,26.3,8.5,69,32.8,80.1,30
"T25","2022-12",16.3,24.8,8.5,75,40.7,80.1,50
"T26","2022-12",17.5,26.3,8.8,76,38.4,80.1,43
"T27","2022-12",18.8,25.1,6.3,73,39.4,80.1,49
"T28","2022-12",16.6,30.1,13.5,69,32.8,80.1,2
"T29","2022-12",16,25.1,9,78,39.5,80.1,50
"T30","2022-12",17.6,25.5,7.9,72,35.3,80.1,28
"T31","2022-12",17.2,23.3,6.1,77,37.4,80.1,42
"T32","2022-12",17.7,26.5,8.8,70,41.8,80.1,42
"T33","2022-12",17.9,25.1,7.2,78,39.3,80.1,46
"T34","2022-12",17,26.2,9.1,72,35.5,80.1,27
"T35","2022-12",17.4,26.7,9.3,75,36.9,80.1,41
"T36","2022-12",17.4,27.4,10,72,37.1,80.1,25
"T01","2023-01",15.2,23.8,8.6,64,36.8,159,10
"T02","2023-01",15.4,22.7,7.3,67,39.9,159,48
"T03","2023-01",14.9,23.2,8.3,63,35.5,159,19
"T04","2023-01",14.9,23.9,9,68,39.2,159,31
"T05","2023-01",14,25.4,11.4,62,35.6,159,13
"T06","2023-01",15.2,22.9,7.7,65,34.2,159,24
"T07","2023-01",14.3,24.1,9.9,63,29.5,159,14
"T08","2023-01",13.9,25.5,11.6,61,33.1,159,6
"T09","2023-01",14.7,26,11.2,61,35.8,159,19
"T10","2023-01",14.3,23.1,8.8,66,40.6,159,33
"T11","2023-01",14.4,23.9,9.5,70,38.7,159,25
"T12","2023-01",14.5,25.7,11.2,59,38.5,159,4
"T13","2023-01",15.3,23.7,8.5,68,41.4,159,28
"T14","2023-01",15.2,25.6,10.4,71,40.7,159,21
"T15","2023-01",15.6,26.3,10.7,64,38.1,159,5
"T16","2023-01",14.5,24,9.6,78,44.1,159,33
"T17","2023-01",15.6,23.1,7.4,74,44.2,159,45
"T18","2023-01",15.2,26.6,11.4,64,38.1,159,5
"T19","2023-01",15.4,24.2,8.7,69,40.2,159,25
"T20","2023-01",15.3,22.3,7,72,42.6,159,36
"T21","2023-01",15.7,23.6,7.9,75,43.5,159,40
"T22","2023-01",15.5,23.9,8.4,73,46,159,29
"T23","2023-01",14.8,25.1,10.3,68,37.7,159,11
"T24","2023-01",14.7,23.7,9,67,42.7,159,24
"T25","2023-01",15,23.2,8.2,75,46,159,48
"T26","2023-01",15.6,23.7,8.1,73,46,159,39
"T27","2023-01",16.2,22.9,6.7,75,46,159,48
"T28","2023-01",15.1,23.1,8,76,42.5,159,16
"T29","2023-01",15.7,22.8,7.1,83,46,159,46
"T30","2023-01",15.3,24.1,8.9,76,46,159,24
"T31","2023-01",16.2,22.8,6.7,80,46,159,53
"T32","2023-01",16,23.4,7.5,78,46,159,43
"T33","2023-01",15,24.3,9.3,74,46,159,37
"T34","2023-01",14.4,23.4,9,74,46,159,35
"T35","2023-01",16.3,22,5.7,81,46,159,50
"T36","2023-01",16,24.8,8.8,69,45.1,159,29
"T01","2023-02",14.6,23,8.4,62,36.8,183.3,10
"T02","2023-02",15,20.4,5.4,70,40.8,183.3,48
"T03","2023-02",14.5,22.1,7.7,69,40.1,183.3,19
"T04","2023-02",14.8,21.1,6.4,70,41.6,183.3,31
"T05","2023-02",14.4,22.3,7.9,64,40.2,183.3,13
"T06","2023-02",13.5,22.2,8.7,66,36.2,183.3,24
"T07","2023-02",14.1,22.5,8.5,63,39.5,183.3,14
"T08","2023-02",14.5,23.9,9.4,68,37.6,183.3,6
"T09","2023-02",14.4,22.1,7.7,70,39.4,183.3,19
"T10","2023-02",14,21.8,7.8,67,44.8,183.3,33
"T11","2023-02",13.8,21.9,8.1,68,39.6,183.3,25
"T12","2023-02",13.2,24.8,11.6,64,37,183.3,4
"T13","2023-02",14,21.7,7.7,74,44,183.3,28
"T14","2023-02",13.8,22.3,8.5,71,46,183.3,21
"T15","2023-02",13.7,24,10.3,71,42.5,183.3,5
"T16","2023-02",14.7,22.6,7.9,73,43.7,183.3,33
"T17","2023-02",14.7,20.1,5.4,75,46,183.3,45
"T18","2023-02",14.2,23.8,9.5,71,45.7,183.3,5
"T19","2023-02",14.3,21.6,7.3,73,45.6,183.3,25
"T20","2023-02",14.2,22.3,8.2,67,44.1,183.3,36
"T21","2023-02",14.9,22.5,7.6,81,46,183.3,40
"T22","2023-02",14.2,22.3,8.1,77,42.5,183.3,29
"T23","2023-02",14.3,23.2,8.9,73,41.6,183.3,11
"T24","2023-02",14.1,21.1,7,71,45.7,183.3,24
"T25","2023-02",15.1,21.9,6.8,84,46,183.3,48
"T26","2023-02",14.2,20.5,6.3,83,46,183.3,39
"T27","2023-02",14.9,20.5,5.6,88,46,183.3,48
"T28","2023-02",14.8,22.1,7.3,76,45.9,183.3,16
"T29","2023-02",15.1,21.2,6.2,89,46,183.3,46
"T30","2023-02",14.9,22.2,7.3,82,46,183.3,24
"T31","2023-02",15,19.1,4.1,86,46,183.3,53
"T32","2023-02",14.5,21.7,7.2,80,46,183.3,43
"T33","2023-02",14.8,20.6,5.8,82,46,183.3,37
"T34","2023-02",15.5,21.7,6.1,75,46,183.3,35
"T35","2023-02",15.5,21.2,5.7,83,46,183.3,50
"T36","2023-02",15.4,22.7,7.3,84,46,183.3,29
"T01","2023-03",12.2,22.9,10.7,66,46,279,10
"T02","2023-03",13.1,19.7,6.6,75,46,279,48
"T03","2023-03",12.9,21.2,8.3,68,46,279,19
"T04","2023-03",12.9,20.3,7.4,69,46,279,31
"T05","2023-03",12,22.3,10.3,69,46,279,13
"T06","2023-03",12.5,20.5,8,74,46,279,24
"T07","2023-03",11.6,22.2,10.6,67,46,279,14
"T08","2023-03",11.8,21.9,10.2,68,46,279,6
"T09","2023-03",13,21.3,8.3,72,46,279,19
"T10","2023-03",13.1,20.6,7.4,72,46,279,33
"T11","2023-03",12.4,20.4,8,75,46,279,25
"T12","2023-03",11.5,22.2,10.7,69,46,279,4
"T13","2023-03",12.6,20.2,7.6,78,46,279,28
"T14","2023-03",13.3,21.3,8,71,46,279,21
"T15","2023-03",12,22.1,10,68,46,279,5
"T16","2023-03",12.6,19.7,7,76,46,279,33
"T17","2023-03",13,19.5,6.6,79,46,279,45
"T18","2023-03",12,22.7,10.7,74,46,279,5
"T19","2023-03",12.8,19.7,6.8,73,46,279,25
"T20","2023-03",12.3,21,8.7,79,46,279,36
"T21","2023-03",12.2,19.7,7.5,78,46,279,40
"T22","2023-03",12.1,20.8,8.7,74,46,279,29
"T23","2023-03",11.4,22.1,10.6,75,46,279,11
"T24","2023-03",12,20.3,8.2,78,46,279,24
"T25","2023-03",13.9,20,6,88,46,279,48
"T26","2023-03",13.3,20.3,7,86,46,279,39
"T27","2023-03",13.5,19,5.4,90,46,279,48
"T28","2023-03",12.2,20.7,8.5,74,46,279,16
"T29","2023-03",13.4,19.4,6,86,46,279,46
"T30","2023-03",12.9,20.9,8.1,79,46,279,24
"T31","2023-03",13.3,19.2,5.9,85,46,279,53
"T32","2023-03",12.9,19.9,7,88,46,279,43
"T33","2023-03",12.6,22,9.4,83,46,279,37
"T34","2023-03",13.3,20.6,7.4,82,46,279,35
"T35","2023-03",13.5,19.6,6,87,46,279,50
"T36","2023-03",13.3,20.7,7.4,78,46,279,29
"T01","2023-04",11.4,21.9,10.5,74,46,297.8,10
"T02","2023-04",13,17.7,4.6,82,46,297.8,48
"T03","2023-04",11.8,22.2,10.5,66,46,297.8,19
"T04","2023-04",12.1,19.9,7.9,71,46,297.8,31
"T05","2023-04",12.3,21.9,9.6,66,46,297.8,13
"T06","2023-04",11.8,19.8,8,78,46,297.8,24
"T07","2023-04",11.5,21.1,9.5,68,46,297.8,14
"T08","2023-04",12,22.7,10.7,68,46,297.8,6
"T09","2023-04",12.1,21.1,9,67,46,297.8,19
"T10","2023-04",11.5,19.6,8.2,78,46,297.8,33
"T11","2023-04",11.7,19.6,7.8,75,46,297.8,25
"T12","2023-04",11.5,21.9,10.4,64,46,297.8,4
"T13","2023-04",12.2,19.2,7,78,46,297.8,28
"T14","2023-04",12.9,20.2,7.3,71,46,297.8,21
"T15","2023-04",11.1,22.8,11.7,74,46,297.8,5
"T16","2023-04",11.9,20.2,8.3,85,46,297.8,33
"T17","2023-04",12.6,19.3,6.7,83,46,297.8,45
"T18","2023-04",12,22.4,10.3,71,46,297.8,5
"T19","2023-04",11.8,20,8.1,77,46,297.8,25
"T20","2023-04",12.6,19.5,6.9,81,46,297.8,36
"T21","2023-04",13.1,19.5,6.4,79,46,297.8,40
"T22","2023-04",11.9,20.5,8.6,79,46,297.8,29
"T23","2023-04",12.5,22.1,9.6,79,46,297.8,11
"T24","2023-04",12.1,19.5,7.4,74,46,297.8,24
"T25","2023-04",13.8,18,4.3,84,46,297.8,48
"T26","2023-04",12.7,19.9,7.3,82,46,297.8,39
"T27","2023-04",12.9,19.3,6.3,92,46,297.8,48
"T28","2023-04",12.5,21.2,8.7,81,46,297.8,16
"T29","2023-04",12.4,19.5,7.1,89,46,297.8,46
"T30","2023-04",12.9,21.6,8.7,81,46,297.8,24
"T31","2023-04",13.1,18.5,5.4,92,46,297.8,53
"T32","2023-04",13.4,19.9,6.6,88,46,297.8,43
"T33","2023-04",12.5,19.1,6.6,85,46,297.8,37
"T34","2023-04",13,19.9,6.9,85,46,297.8,35
"T35","2023-04",13.7,18.6,4.9,84,46,297.8,50
"T36","2023-04",12.4,20.6,8.2,88,46,297.8,29
"T01","2023-05",12.1,21.9,9.8,62,44.1,229.9,10
"T02","2023-05",13.1,18.3,5.1,77,46,229.9,48
"T03","2023-05",12.4,22.5,10,69,45,229.9,19
"T04","2023-05",12.8,21,8.2,75,46,229.9,31
"T05","2023-05",11.8,21.7,9.9,65,46,229.9,13
"T06","2023-05",11.6,21.8,10.3,70,42.9,229.9,24
"T07","2023-05",13,21.1,8.1,74,42.3,229.9,14
"T08","2023-05",12.1,22.8,10.7,71,43.2,229.9,6
"T09","2023-05",12.1,21.6,9.4,74,46,229.9,19
"T10","2023-05",12.5,20.1,7.5,74,45.1,229.9,33
"T11","2023-05",12.8,21.8,9,75,43.6,229.9,25
"T12","2023-05",12.8,21,8.2,67,45.3,229.9,4
"T13","2023-05",12.9,20.8,7.9,76,46,229.9,28
"T14","2023-05",13.6,20.1,6.5,76,46,229.9,21
"T15","2023-05",12,23.3,11.3,67,46,229.9,5
"T16","2023-05",12.4,22.1,9.7,84,46,229.9,33
"T17","2023-05",12.8,19.3,6.5,87,46,229.9,45
"T18","2023-05",13.2,22.1,8.9,71,46,229.9,5
"T19","2023-05",12.6,21.4,8.7,74,46,229.9,25
"T20","2023-05",13.4,19.3,5.9,82,46,229.9,36
"T21","2023-05",13.7,19.7,6,72,46,229.9,40
"T22","2023-05",12.6,22.2,9.6,75,46,229.9,29
"T23","2023-05",12.7,21.3,8.6,73,45.4,229.9,11
"T24","2023-05",12.9,22.1,9.2,73,46,229.9,24
"T25","2023-05",13.1,19,5.9,88,46,229.9,48
"T26","2023-05",13.2,21.2,8.1,80,46,229.9,39
"T27","2023-05",13.3,20,6.7,91,46,229.9,48
"T28","2023-05",12.8,22.5,9.7,84,46,229.9,16
"T29","2023-05",13.1,20.5,7.4,82,46,229.9,46
"T30","2023-05",12.9,22.3,9.3,80,46,229.9,24
"T31","2023-05",13.6,20.1,6.5,87,46,229.9,53
"T32","2023-05",13.8,20.8,6.9,84,46,229.9,43
"T33","2023-05",13.3,20.4,7.1,84,46,229.9,37
"T34","2023-05",13.2,20.1,6.9,84,46,229.9,35
"T35","2023-05",12.6,19.3,6.8,84,46,229.9,50
"T36","2023-05",12.8,21.5,8.7,77,46,229.9,29
"T01","2023-06",13.6,23.6,10,61,43.6,242.3,10
"T02","2023-06",14,21.7,7.7,70,46,242.3,48
"T03","2023-06",13,23.1,10.1,66,46,242.3,19
"T04","2023-06",13.6,21.9,8.3,68,45.9,242.3,31
"T05","2023-06",12.8,23.5,10.7,66,44.6,242.3,13
"T06","2023-06",13.4,22.4,9,67,46,242.3,24
"T07","2023-06",14,22.7,8.7,70,46,242.3,14
"T08","2023-06",13.2,24.4,11.2,66,44.1,242.3,6
"T09","2023-06",13,22.7,9.7,65,44.9,242.3,19
"T10","2023-06",14.3,22.2,7.9,73,46,242.3,33
"T11","2023-06",13.7,22.4,8.7,69,46,242.3,25
"T12","2023-06",12.7,22.9,10.2,64,43.8,242.3,4
"T13","2023-06",14.2,21.9,7.7,71,46,242.3,28
"T14","2023-06",13.7,23.3,9.6,75,46,242.3,21
"T15","2023-06",13.6,25.6,11.9,64,45.3,242.3,5
"T16","2023-06",14.3,22.1,7.8,71,46,242.3,33
"T17","2023-06",14.7,22.4,7.7,73,46,242.3,45
"T18","2023-06",13.5,24,10.5,65,46,242.3,5
"T19","2023-06",12.9,21.3,8.5,74,46,242.3,25
"T20","2023-06",14.4,21.4,7,76,46,242.3,36
"T21","2023-06",14.5,21,6.6,78,46,242.3,40
"T22","2023-06",13.9,22.7,8.8,76,46,242.3,29
"T23","2023-06",13.3,24.2,10.9,71,46,242.3,11
"T24","2023-06",14.2,23.8,9.6,72,46,242.3,24
"T25","2023-06",14.3,20.8,6.5,86,46,242.3,48
"T26","2023-06",14.2,22,7.8,81,46,242.3,39
"T27","2023-06",14.9,20.9,6.1,83,46,242.3,48
"T28","2023-06",14,22.3,8.3,78,46,242.3,16
"T29","2023-06",14.6,21.3,6.7,88,46,242.3,46
"T30","2023-06",13.6,23.7,10.1,77,46,242.3,24
"T31","2023-06",14.4,21.5,7.1,83,46,242.3,53
"T32","2023-06",14.4,22,7.7,83,46,242.3,43
"T33","2023-06",14.4,22.6,8.2,81,46,242.3,37
"T34","2023-06",14.1,21.9,7.9,83,46,242.3,35
"T35","2023-06",15.9,20.8,4.9,77,46,242.3,50
"T36","2023-06",13.9,21.6,7.7,84,46,242.3,29
"T01","2023-07",15,26.4,11.4,64,39.1,217.5,10
"T02","2023-07",16.3,23.7,7.4,63,46,217.5,48
"T03","2023-07",15.8,26.1,10.4,59,43.5,217.5,19
"T04","2023-07",15.4,26.3,10.9,61,44.2,217.5,31
"T05","2023-07",14.5,27.7,13.2,65,43.6,217.5,13
"T06","2023-07",16.6,25.4,8.8,69,46,217.5,24
"T07","2023-07",15,26.8,11.8,67,42.7,217.5,14
"T08","2023-07",16.1,26.9,10.8,62,41.5,217.5,6
"T09","2023-07",14.9,26.3,11.4,68,39.6,217.5,19
"T10","2023-07",15.9,24.6,8.8,71,41.9,217.5,33
"T11","2023-07",15.6,25.2,9.6,63,42.9,217.5,25
"T12","2023-07",14.3,26.6,12.3,63,40.3,217.5,4
"T13","2023-07",16.4,25.7,9.3,69,46,217.5,28
"T14","2023-07",15.3,25.2,9.9,66,46,217.5,21
"T15","2023-07",15,27,12,72,42.9,217.5,5
"T16","2023-07",16.5,25.1,8.6,72,46,217.5,33
"T17","2023-07",15.9,25,9.1,76,46,217.5,45
"T18","2023-07",15.9,28.1,12.3,67,42,217.5,5
"T19","2023-07",16.1,25.4,9.4,69,46,217.5,25
"T20","2023-07",16.2,25.1,8.9,75,46,217.5,36
"T21","2023-07",15.9,23.7,7.8,77,46,217.5,40
"T22","2023-07",16.2,25.3,9.1,69,46,217.5,29
"T23","2023-07",14.8,27.1,12.3,70,46,217.5,11
"T24","2023-07",15.2,25.4,10.2,62,46,217.5,24
"T25","2023-07",17,24.9,7.9,75,46,217.5,48
"T26","2023-07",16.6,25,8.5,80,46,217.5,39
"T27","2023-07",16.3,23.1,6.8,80,46,217.5,48
"T28","2023-07",16.7,25.8,9,71,46,217.5,16
"T29","2023-07",16.6,24.6,8.1,79,46,217.5,46
"T30","2023-07",16.4,25.7,9.3,77,46,217.5,24
"T31","2023-07",16.5,24.9,8.4,81,46,217.5,53
"T32","2023-07",16.4,24.5,8,77,46,217.5,43
"T33","2023-07",16.5,24.3,7.8,72,46,217.5,37
"T34","2023-07",15.8,24.8,8.9,80,46,217.5,35
"T35","2023-07",16.7,22.7,6,79,46,217.5,50
"T36","2023-07",16.4,25.6,9.2,74,46,217.5,29
"T01","2023-08",16.1,27.8,11.7,62,26.6,90.9,10
"T02","2023-08",17.4,24.7,7.3,78,31.7,90.9,48
"T03","2023-08",17,29.4,12.4,60,27.3,90.9,19
"T04","2023-08",17.7,28.5,10.7,59,26.7,90.9,31
"T05","2023-08",16.9,28.8,12,59,20.3,90.9,13
"T06","2023-08",16.8,28.4,11.6,60,25.9,90.9,24
"T07","2023-08",16.3,28.7,12.4,64,27.4,90.9,14
"T08","2023-08",15.8,28.9,13.1,55,21.9,90.9,6
"T09","2023-08",16.6,28.8,12.3,61,24.2,90.9,19
"T10","2023-08",17.3,26.8,9.5,66,29.9,90.9,33
"T11","2023-08",17.8,28.2,10.5,60,28.7,90.9,25
"T12","2023-08",16.3,28.1,11.8,51,22.2,90.9,4
"T13","2023-08",16.7,27.4,10.8,64,32.8,90.9,28
"T14","2023-08",16.7,28.8,12.2,73,29.9,90.9,21
"T15","2023-08",16.6,28.6,12,66,28.3,90.9,5
"T16","2023-08",17,27.3,10.4,68,37,90.9,33
"T17","2023-08",17.4,26.7,9.3,69,33.7,90.9,45
"T18","2023-08",17.4,29.5,12.2,61,29.3,90.9,5
"T19","2023-08",17.3,28,10.7,68,30,90.9,25
"T20","2023-08",16.7,26.1,9.4,70,34.7,90.9,36
"T21","2023-08",17.8,27.9,10.1,74,34.1,90.9,40
"T22","2023-08",17.8,27.8,10,64,35.9,90.9,29
"T23","2023-08",16.4,29.7,13.3,60,30.8,90.9,11
"T24","2023-08",17.2,27.6,10.5,69,31.8,90.9,24
"T25","2023-08",16.4,27.2,10.8,77,41.8,90.9,48
"T26","2023-08",17.7,26.2,8.5,76,37.1,90.9,39
"T27","2023-08",18.7,26.5,7.9,76,38.7,90.9,48
"T28","2023-08",17.2,29.2,11.9,64,35.7,90.9,16
"T29","2023-08",17.7,26.8,9.1,76,39.7,90.9,46
"T30","2023-08",16.9,28.6,11.7,75,31.5,90.9,24
"T31","2023-08",18.6,26.7,8.2,72,41.7,90.9,53
"T32","2023-08",16.8,26.8,10,79,37.8,90.9,43
"T33","2023-08",17.2,27.1,9.9,78,38.2,90.9,37
"T34","2023-08",18.1,27.3,9.2,72,37,90.9,35
"T35","2023-08",17.5,25.7,8.2,74,42.4,90.9,50
"T36","2023-08",18,28.7,10.8,73,38.3,90.9,29
"T01","2023-09",17.2,30.1,12.8,59,23.3,67.1,10
"T02","2023-09",18.8,27.3,8.5,66,29.6,67.1,48
"T03","2023-09",18.2,29.3,11.1,53,22.5,67.1,19
"T04","2023-09",17.6,28.2,10.6,62,27.6,67.1,31
"T05","2023-09",17.6,31.6,14,61,19.9,67.1,13
"T06","2023-09",18.6,30.6,12,60,24.2,67.1,24
"T07","2023-09",18.1,28.8,10.7,55,26.2,67.1,14
"T08","2023-09",16.7,29.7,13,54,23.5,67.1,6
"T09","2023-09",17.6,30.1,12.5,59,24.1,67.1,19
"T10","2023-09",18.1,27.8,9.7,66,26.9,67.1,33
"T11","2023-09",18,29,10.9,57,22.6,67.1,25
"T12","2023-09",17.7,29.8,12.2,52,18,67.1,4
"T13","2023-09",18.3,28.8,10.4,58,26.3,67.1,28
"T14","2023-09",18.4,29.4,11,63,29,67.1,21
"T15","2023-09",18.4,31.3,12.9,59,25.9,67.1,5
"T16","2023-09",18.1,28.4,10.3,63,31.5,67.1,33
"T17","2023-09",17.6,28.1,10.4,71,31.6,67.1,45
"T18","2023-09",17.6,30,12.4,52,24.4,67.1,5
"T19","2023-09",17.4,28.6,11.2,60,26.6,67.1,25
"T20","2023-09",18,27.8,9.8,65,28.9,67.1,36
"T21","2023-09",17.9,28.2,10.3,69,31.9,67.1,40
"T22","2023-09",17.9,28.2,10.4,59,30.3,67.1,29
"T23","2023-09",17.9,29.6,11.7,64,26.2,67.1,11
"T24","2023-09",18.1,29.5,11.4,61,23.9,67.1,24
"T25","2023-09",18.5,28.1,9.6,75,38.9,67.1,48
"T26","2023-09",18.9,27.4,8.5,72,38.3,67.1,39
"T27","2023-09",18.9,26.9,8,66,37,67.1,48
"T28","2023-09",18.3,28.9,10.6,68,30.9,67.1,16
"T29","2023-09",18.2,28,9.8,73,35.9,67.1,46
"T30","2023-09",18.6,29.7,11.1,68,27.6,67.1,24
"T31","2023-09",19.1,26,7,74,40.6,67.1,53
"T32","2023-09",19.3,27.7,8.3,68,38.9,67.1,43
"T33","2023-09",18.6,27.2,8.6,73,41.2,67.1,37
"T34","2023-09",18.7,29.5,10.8,69,39.4,67.1,35
"T35","2023-09",18.8,27.8,9.1,74,38.5,67.1,50
"T36","2023-09",18.8,29.3,10.5,65,35,67.1,29
"T01","2023-10",17.8,30.5,12.7,55,14.2,25.9,10
"T02","2023-10",19.5,27.1,7.7,62,26.1,25.9,48
"T03","2023-10",18,30.3,12.3,60,21.5,25.9,19
"T04","2023-10",18,29.9,11.9,62,25.2,25.9,31
"T05","2023-10",18.2,30.1,11.8,54,16.1,25.9,13
"T06","2023-10",17.9,29.9,12.1,54,23.3,25.9,24
"T07","2023-10",18,31.3,13.3,54,19.1,25.9,14
"T08","2023-10",18.2,31.7,13.5,54,17.6,25.9,6
"T09","2023-10",18.1,30.6,12.5,55,16.6,25.9,19
"T10","2023-10",18.2,29.1,10.9,67,19.2,25.9,33
"T11","2023-10",18.2,28.7,10.5,61,18.1,25.9,25
"T12","2023-10",17.9,30.9,13,55,15.3,25.9,4
"T13","2023-10",18.1,30,12,66,26.6,25.9,28
"T14","2023-10",17.8,28.9,11.1,64,22.2,25.9,21
"T15","2023-10",17.9,30.2,12.3,64,19.5,25.9,5
"T16","2023-10",18.4,30.1,11.7,65,23.7,25.9,33
"T17","2023-10",18.1,27.4,9.3,64,28.2,25.9,45
"T18","2023-10",17.3,30.3,13,62,20.7,25.9,5
"T19","2023-10",17.6,29.8,12.2,68,23,25.9,25
"T20","2023-10",18.6,27.7,9.1,66,26.3,25.9,36
"T21","2023-10",19.8,29.6,9.9,65,28.7,25.9,40
"T22","2023-10",18,28.9,11,68,24,25.9,29
"T23","2023-10",18,31.6,13.6,59,20.7,25.9,11
"T24","2023-10",18.3,29.4,11.2,62,23.6,25.9,24
"T25","2023-10",19.4,28.2,8.9,72,31.2,25.9,48
"T26","2023-10",18.4,27.3,8.9,67,29.4,25.9,39
"T27","2023-10",19.2,28.3,9.1,74,30.5,25.9,48
"T28","2023-10",18.8,30.8,12,65,24.2,25.9,16
"T29","2023-10",19.3,28,8.7,73,32.1,25.9,46
"T30","2023-10",18.6,29.3,10.7,62,26.2,25.9,24
"T31","2023-10",18.9,27.7,8.8,69,32.6,25.9,53
"T32","2023-10",19.2,28.4,9.3,68,31.1,25.9,43
"T33","2023-10",17.7,27.8,10.2,69,31.4,25.9,37
"T34","2023-10",18.6,29.6,11.1,69,32.9,25.9,35
"T35","2023-10",18.5,27.7,9.3,74,32.4,25.9,50
"T36","2023-10",18.1,29.4,11.3,67,30.1,25.9,29
"T01","2023-11",16.4,30.2,13.8,60,16.5,28.6,10
"T02","2023-11",17.8,27.4,9.7,58,23.4,28.6,48
"T03","2023-11",17.4,29.5,12.1,53,18.6,28.6,19
"T04","2023-11",18.1,27.4,9.3,59,20.8,28.6,31
"T05","2023-11",17.9,30.5,12.6,61,17.1,28.6,13
"T06","2023-11",17.6,29.3,11.7,59,15.3,28.6,24
"T07","2023-11",17.8,30.1,12.3,53,17.5,28.6,14
"T08","2023-11",16.7,29.5,12.8,58,14.7,28.6,6
"T09","2023-11",17.5,29.3,11.7,54,19.9,28.6,19
"T10","2023-11",18.3,29.3,11,61,22.3,28.6,33
"T11","2023-11",17.5,30.6,13.1,54,19,28.6,25
"T12","2023-11",17,30.5,13.5,55,17.8,28.6,4
"T13","2023-11",17.3,30.9,13.5,60,24.2,28.6,28
"T14","2023-11",17.7,30,12.3,62,23.6,28.6,21
"T15","2023-11",17.6,30.9,13.2,58,20.9,28.6,5
"T16","2023-11",18.6,29.3,10.7,73,25.7,28.6,33
"T17","2023-11",17.9,27.8,9.8,71,30.7,28.6,45
"T18","2023-11",17.7,32.2,14.4,63,19.4,28.6,5
"T19","2023-11",18.1,29.7,11.6,64,29.2,28.6,25
"T20","2023-11",18.4,28.9,10.5,66,28.2,28.6,36
"T21","2023-11",18.2,28.3,10.1,65,25.7,28.6,40
"T22","2023-11",18.3,29.3,11,68,21.4,28.6,29
"T23","2023-11",17.2,30.4,13.2,60,22.2,28.6,11
"T24","2023-11",17.4,29.3,11.9,61,22.4,28.6,24
"T25","2023-11",17.9,27.9,10,74,32.2,28.6,48
"T26","2023-11",18.7,28.6,10,70,32.2,28.6,39
"T27","2023-11",18.7,28.4,9.7,78,32.5,28.6,48
"T28","2023-11",17.4,29.9,12.5,69,26.1,28.6,16
"T29","2023-11",18.8,27.8,9,76,33.8,28.6,46
"T30","2023-11",18.5,28.4,9.9,69,28.5,28.6,24
"T31","2023-11",17.9,26.9,9,72,33.5,28.6,53
"T32","2023-11",18.8,28.6,9.8,65,27,28.6,43
"T33","2023-11",17.4,28.8,11.4,72,32.1,28.6,37
"T34","2023-11",18.6,28.1,9.5,66,33.3,28.6,35
"T35","2023-11",18.2,27.4,9.2,74,32.7,28.6,50
"T36","2023-11",18.2,29.6,11.5,71,31.5,28.6,29
"T01","2023-12",15.7,27.6,11.9,53,20.4,61.1,10
"T02","2023-12",16.4,23.4,7,68,31.8,61.1,48
"T03","2023-12",17.2,26.2,9.1,59,27.5,61.1,19
"T04","2023-12",15.5,26.2,10.7,69,25.4,61.1,31
"T05","2023-12",16.1,26.4,10.3,58,25.4,61.1,13
"T06","2023-12",16.5,27.1,10.6,68,22.9,61.1,24
"T07","2023-12",15.3,26.2,10.9,60,22.5,61.1,14
"T08","2023-12",16.1,27.5,11.4,57,20.7,61.1,6
"T09","2023-12",16.2,26.8,10.6,61,23.8,61.1,19
"T10","2023-12",16.6,25.5,9,66,23.5,61.1,33
"T11","2023-12",15.8,25.3,9.5,62,25.9,61.1,25
"T12","2023-12",15.7,28.9,13.2,61,21,61.1,4
"T13","2023-12",16.5,25.5,9,62,28.8,61.1,28
"T14","2023-12",16.3,27.4,11.1,60,24.3,61.1,21
"T15","2023-12",16.7,27.9,11.2,68,22.2,61.1,5
"T16","2023-12",16,27.5,11.5,68,32.4,61.1,33
"T17","2023-12",17.4,25,7.6,73,34.5,61.1,45
"T18","2023-12",16.6,29.8,13.2,62,21.2,61.1,5
"T19","2023-12",16.8,26.6,9.8,63,26.3,61.1,25
"T20","2023-12",16.6,26.2,9.6,66,29.2,61.1,36
"T21","2023-12",16.1,25.3,9.2,71,32.4,61.1,40
"T22","2023-12",16.7,25.7,9,66,27.1,61.1,29
"T23","2023-12",16,26.8,10.8,62,24,61.1,11
"T24","2023-12",16.1,26.8,10.7,64,26.8,61.1,24
"T25","2023-12",16.3,25,8.7,76,37.2,61.1,48
"T26","2023-12",16.9,25.4,8.5,76,33.9,61.1,39
"T27","2023-12",17.7,24.5,6.8,76,36.9,61.1,48
"T28","2023-12",16.7,26.4,9.6,70,31.3,61.1,16
"T29","2023-12",17.3,25.9,8.7,73,37.1,61.1,46
"T30","2023-12",16.5,26.8,10.3,73,31.4,61.1,24
"T31","2023-12",18,24.3,6.4,80,38.7,61.1,53
"T32","2023-12",17,27.3,10.2,72,38.2,61.1,43
"T33","2023-12",16.5,27.3,10.8,71,33.1,61.1,37
"T34","2023-12",16.5,27.2,10.7,72,33.1,61.1,35
"T35","2023-12",17.6,24.3,6.7,68,37.5,61.1,50
"T36","2023-12",16.4,26.2,9.8,73,35,61.1,29
"T01","2024-01",14.2,26.8,12.6,57,29.4,121.1,2
"T02","2024-01",15.5,22,6.5,71,37.2,121.1,50
"T03","2024-01",14.7,24.6,10,62,31.1,121.1,19
"T04","2024-01",14.9,23.5,8.6,66,33.8,121.1,34
"T05","2024-01",14.8,27.1,12.2,61,28.5,121.1,4
"T06","2024-01",15.6,24.1,8.6,68,34.2,121.1,27
"T07","2024-01",15.2,24.5,9.3,66,28.3,121.1,14
"T08","2024-01",14.9,24.7,9.8,64,26.7,121.1,13
"T09","2024-01",15.1,24,8.9,65,30.7,121.1,29
"T10","2024-01",15.7,24.1,8.4,74,35.5,121.1,35
"T11","2024-01",14.8,23.7,8.9,66,35.3,121.1,29
"T12","2024-01",14.2,25.7,11.5,63,25.6,121.1,12
"T13","2024-01",15.7,25.1,9.5,70,36.9,121.1,21
"T14","2024-01",15.5,24.7,9.2,65,33.6,121.1,27
"T15","2024-01",15.3,24.3,9,64,35,121.1,2
"T16","2024-01",15.8,23.7,7.9,70,36.8,121.1,28
"T17","2024-01",15.7,22.8,7.1,78,38.7,121.1,47
"T18","2024-01",14.1,26.5,12.4,72,33.3,121.1,11
"T19","2024-01",15.4,25.7,10.3,66,33.7,121.1,18
"T20","2024-01",15.1,23.5,8.4,71,37.6,121.1,37
"T21","2024-01",14.8,23.5,8.7,71,39.4,121.1,31
"T22","2024-01",15.1,23.2,8.1,73,37.1,121.1,31
"T23","2024-01",15.2,25.1,9.9,65,33.1,121.1,11
"T24","2024-01",14.7,23.3,8.6,72,35.9,121.1,37
"T25","2024-01",15.5,23.3,7.8,88,46,121.1,52
"T26","2024-01",15.5,22.1,6.6,77,46,121.1,49
"T27","2024-01",15.2,23.2,8,78,45.7,121.1,55
"T28","2024-01",15.4,25.3,9.9,78,38.9,121.1,15
"T29","2024-01",15,22.6,7.6,83,42.3,121.1,49
"T30","2024-01",15.7,24.5,8.8,76,42.5,121.1,29
"T31","2024-01",15.8,23.3,7.5,74,43.2,121.1,48
"T32","2024-01",16,22.6,6.6,80,44.7,121.1,43
"T33","2024-01",15.8,24.7,8.9,75,40.9,121.1,22
"T34","2024-01",15.5,24.8,9.3,79,43.3,121.1,29
"T35","2024-01",16.2,22.7,6.5,81,46,121.1,44
"T36","2024-01",14.7,23.9,9.2,80,42.1,121.1,39
"T01","2024-02",13,25,12,68,36.3,189.5,2
"T02","2024-02",14.6,18.4,3.8,73,45.9,189.5,50
"T03","2024-02",13.3,23,9.7,64,39.6,189.5,19
"T04","2024-02",13.6,21.9,8.3,75,38.4,189.5,34
"T05","2024-02",13.3,23.4,10,60,34.4,189.5,4
"T06","2024-02",12.9,21,8.1,71,42.5,189.5,27
"T07","2024-02",13.2,22.3,9.2,67,35.5,189.5,14
"T08","2024-02",13.8,22.5,8.7,70,35.8,189.5,13
"T09","2024-02",14.4,21.3,6.9,73,42.9,189.5,29
"T10","2024-02",13.9,22,8,69,42.2,189.5,35
"T11","2024-02",13.5,22.4,8.9,69,41.7,189.5,29
"T12","2024-02",12.8,22.5,9.7,64,42.4,189.5,12
"T13","2024-02",13.6,23.1,9.6,71,46,189.5,21
"T14","2024-02",13.4,20.5,7.1,76,45.6,189.5,27
"T15","2024-02",13.6,24,10.3,70,41.2,189.5,2
"T16","2024-02",15,22,7,73,45.7,189.5,28
"T17","2024-02",14.6,21.1,6.5,79,46,189.5,47
"T18","2024-02",14.4,24,9.6,68,43,189.5,11
"T19","2024-02",14.3,23.2,9,70,44.2,189.5,18
"T20","2024-02",14.9,21.7,6.9,78,44.8,189.5,37
"T21","2024-02",13.9,21.9,8.1,75,46,189.5,31
"T22","2024-02",13.8,21,7.2,70,42.8,189.5,31
"T23","2024-02",12.6,22.5,9.9,71,42.6,189.5,11
"T24","2024-02",13.9,22.2,8.4,74,46,189.5,37
"T25","2024-02",14.9,20.4,5.6,88,46,189.5,52
"T26","2024-02",14.5,19.8,5.3,83,46,189.5,49
"T27","2024-02",15,18.8,3.8,83,46,189.5,55
"T28","2024-02",13.5,23.7,10.2,75,43.5,189.5,15
"T29","2024-02",14.4,20.1,5.7,84,46,189.5,49
"T30","2024-02",13.9,23,9.1,79,46,189.5,29
"T31","2024-02",14,20.2,6.2,82,46,189.5,48
"T32","2024-02",14.4,21.4,6.9,86,46,189.5,43
"T33","2024-02",13.9,22.8,9,83,46,189.5,22
"T34","2024-02",13.6,22.6,9,78,46,189.5,29
"T35","2024-02",14.4,21.1,6.7,77,46,189.5,44
"T36","2024-02",14.1,21.2,7.1,83,46,189.5,39
"T01","2024-03",12.2,24,11.8,67,46,293.8,2
"T02","2024-03",12.9,19.8,7,79,46,293.8,50
"T03","2024-03",12.3,21.6,9.3,72,46,293.8,19
"T04","2024-03",12.6,20.5,7.8,73,46,293.8,34
"T05","2024-03",12.2,21.6,9.4,67,46,293.8,4
"T06","2024-03",11.9,20,8.1,74,46,293.8,27
"T07","2024-03",12.1,21,8.9,72,46,293.8,14
"T08","2024-03",12.7,21.5,8.8,67,46,293.8,13
"T09","2024-03",12.1,19.9,7.8,72,46,293.8,29
"T10","2024-03",12.3,19.2,6.8,71,46,293.8,35
"T11","2024-03",12.5,21.2,8.7,79,46,293.8,29
"T12","2024-03",12.4,22.4,9.9,70,46,293.8,12
"T13","2024-03",12,21.2,9.2,72,46,293.8,21
"T14","2024-03",12.2,19.9,7.7,74,46,293.8,27
"T15","2024-03",11.9,22.4,10.5,69,46,293.8,2
"T16","2024-03",12.7,21,8.3,75,46,293.8,28
"T17","2024-03",12.7,19.2,6.5,78,46,293.8,47
"T18","2024-03",12.1,22.4,10.3,71,46,293.8,11
"T19","2024-03",12,20.3,8.3,74,46,293.8,18
"T20","2024-03",13.1,19.4,6.3,80,46,293.8,37
"T21","2024-03",11.9,19.7,7.7,68,46,293.8,31
"T22","2024-03",11.5,22.4,10.9,78,46,293.8,31
"T23","2024-03",12.4,21.9,9.4,70,46,293.8,11
"T24","2024-03",12.8,20.3,7.5,78,46,293.8,37
"T25","2024-03",13.3,18.3,5,88,46,293.8,52
"T26","2024-03",13.5,18.7,5.2,86,46,293.8,49
"T27","2024-03",13.5,18.8,5.3,86,46,293.8,55
"T28","2024-03",12.6,20.5,7.9,79,46,293.8,15
"T29","2024-03",12.6,20.4,7.9,88,46,293.8,49
"T30","2024-03",12.4,20.8,8.3,81,46,293.8,29
"T31","2024-03",12.8,18.7,5.9,85,46,293.8,48
"T32","2024-03",13.3,19.4,6.2,87,46,293.8,43
"T33","2024-03",12.9,21.6,8.7,83,46,293.8,22
"T34","2024-03",13.2,21,7.8,83,46,293.8,29
"T35","2024-03",12.8,18.5,5.7,82,46,293.8,44
"T36","2024-03",13,20.8,7.8,89,46,293.8,39
"T01","2024-04",11.4,20.7,9.4,71,45.2,263,2
"T02","2024-04",12.4,16.7,4.2,75,46,263,50
"T03","2024-04",12.1,19.8,7.8,72,46,263,19
"T04","2024-04",11.7,19.5,7.8,68,46,263,34
"T05","2024-04",11.7,21.8,10.1,68,46,263,4
"T06","2024-04",11.4,20.5,9.2,72,46,263,27
"T07","2024-04",11.4,19.6,8.3,71,46,263,14
"T08","2024-04",12.7,20.4,7.6,70,46,263,13
"T09","2024-04",12.6,19.3,6.7,67,46,263,29
"T10","2024-04",12.1,20.1,8,77,46,263,35
"T11","2024-04",11.7,20.2,8.5,79,46,263,29
"T12","2024-04",11.6,19.6,8,73,46,263,12
"T13","2024-04",13,21,7.9,76,46,263,21
"T14","2024-04",11.7,20.7,9,80,46,263,27
"T15","2024-04",11.5,21.4,9.9,69,46,263,2
"T16","2024-04",12.1,19.9,7.8,76,46,263,28
"T17","2024-04",12.8,18.5,5.6,79,46,263,47
"T18","2024-04",12.2,21.3,9,72,46,263,11
"T19","2024-04",12.2,19.9,7.6,73,46,263,18
"T20","2024-04",12,19.3,7.4,82,46,263,37
"T21","2024-04",13.4,19.1,5.8,74,46,263,31
"T22","2024-04",11.5,19,7.5,76,46,263,31
"T23","2024-04",11.7,21.1,9.4,76,46,263,11
"T24","2024-04",12.4,18.5,6.1,78,46,263,37
"T25","2024-04",13.8,17.4,3.6,84,46,263,52
"T26","2024-04",12.9,18.3,5.4,84,46,263,49
"T27","2024-04",12.8,17.6,4.8,89,46,263,55
"T28","2024-04",12.3,19.2,6.9,80,46,263,15
"T29","2024-04",11.7,19.9,8.2,85,46,263,49
"T30","2024-04",12.8,20,7.2,87,46,263,29
"T31","2024-04",12.6,18.6,6,88,46,263,48
"T32","2024-04",13.2,18,4.8,88,46,263,43
"T33","2024-04",12,19.6,7.6,85,46,263,22
"T34","2024-04",12,19.3,7.3,85,46,263,29
"T35","2024-04",12.8,17.8,4.9,86,46,263,44
"T36","2024-04",13.2,19.5,6.3,83,46,263,39
"T01","2024-05",12.5,23.2,10.6,66,46,241.8,2
"T02","2024-05",13.3,19.4,6.1,75,46,241.8,50
"T03","2024-05",13.1,22.1,8.9,71,46,241.8,19
"T04","2024-05",13.1,19.9,6.8,70,46,241.8,34
"T05","2024-05",12.8,22,9.2,62,46,241.8,4
"T06","2024-05",12.2,20.9,8.8,73,46,241.8,27
"T07","2024-05",12.5,23,10.5,69,46,241.8,14
"T08","2024-05",12.5,22.1,9.6,67,46,241.8,13
"T09","2024-05",13.6,19.6,6,71,46,241.8,29
"T10","2024-05",12.9,20.2,7.3,72,46,241.8,35
"T11","2024-05",13.5,20.9,7.5,77,46,241.8,29
"T12","2024-05",12.9,21.4,8.5,64,45.5,241.8,12
"T13","2024-05",13.2,22.2,9,77,46,241.8,21
"T14","2024-05",13.5,20.6,7.1,79,46,241.8,27
"T15","2024-05",11.9,21.9,10,67,46,241.8,2
"T16","2024-05",13.2,20.8,7.6,80,46,241.8,28
"T17","2024-05",13.3,21.2,7.9,78,46,241.8,47
"T18","2024-05",13.8,23.4,9.7,82,46,241.8,11
"T19","2024-05",13.2,21.2,8,77,46,241.8,18
"T20","2024-05",13.2,20.5,7.3,79,46,241.8,37
"T21","2024-05",12.7,21.2,8.5,77,46,241.8,31
"T22","2024-05",12.4,21.5,9.2,74,46,241.8,31
"T23","2024-05",13,22.3,9.2,73,43.8,241.8,11
"T24","2024-05",13,20.1,7.2,79,46,241.8,37
"T25","2024-05",14.1,19.6,5.5,94,46,241.8,52
"T26","2024-05",14.1,19.7,5.6,86,46,241.8,49
"T27","2024-05",14.5,18.8,4.3,90,46,241.8,55
"T28","2024-05",13.2,22.4,9.2,76,46,241.8,15
"T29","2024-05",13.7,20.4,6.7,84,46,241.8,49
"T30","2024-05",13.8,22,8.1,79,46,241.8,29
"T31","2024-05",14.4,18.4,4.1,84,46,241.8,48
"T32","2024-05",13.3,20.7,7.4,88,46,241.8,43
"T33","2024-05",13.2,22.2,9,84,46,241.8,22
"T34","2024-05",12.9,21.2,8.2,82,46,241.8,29
"T35","2024-05",13.7,19.3,5.7,86,46,241.8,44
"T36","2024-05",13.5,19.7,6.2,89,46,241.8,39
"T01","2024-06",13.7,23.2,9.5,68,44.3,265.1,2
"T02","2024-06",14.9,21,6.2,73,46,265.1,50
"T03","2024-06",13.6,23.5,9.9,73,46,265.1,19
"T04","2024-06",13.7,22.3,8.6,71,46,265.1,34
"T05","2024-06",13.1,24.1,11,65,45.2,265.1,4
"T06","2024-06",14.3,22.8,8.6,68,46,265.1,27
"T07","2024-06",14.1,24,9.8,65,46,265.1,14
"T08","2024-06",13.6,23.9,10.4,69,45.7,265.1,13
"T09","2024-06",13.6,22.4,8.8,72,46,265.1,29
"T10","2024-06",14,21.9,7.9,70,46,265.1,35
"T11","2024-06",14.2,24.2,10,68,46,265.1,29
"T12","2024-06",13.8,24.9,11.1,66,46,265.1,12
"T13","2024-06",14.5,23.5,9,74,46,265.1,21
"T14","2024-06",14.7,22.9,8.2,70,46,265.1,27
"T15","2024-06",13.7,24.3,10.6,68,46,265.1,2
"T16","2024-06",14,23.7,9.7,72,46,265.1,28
"T17","2024-06",13.9,21.7,7.8,79,46,265.1,47
"T18","2024-06",14,26,12,71,46,265.1,11
"T19","2024-06",13.8,24,10.1,74,46,265.1,18
"T20","2024-06",14.2,22.7,8.5,77,46,265.1,37
"T21","2024-06",14.7,23.3,8.7,81,46,265.1,31
"T22","2024-06",13.4,22.3,8.9,75,46,265.1,31
"T23","2024-06",14,25,10.9,70,46,265.1,11
"T24","2024-06",14.7,22.7,8,74,46,265.1,37
"T25","2024-06",14.1,20.1,5.9,85,46,265.1,52
"T26","2024-06",14.4,21,6.6,83,46,265.1,49
"T27","2024-06",14.3,20.7,6.3,92,46,265.1,55
"T28","2024-06",13.2,24.2,11,79,46,265.1,15
"T29","2024-06",14.9,21.8,6.9,79,46,265.1,49
"T30","2024-06",14.6,23,8.3,83,46,265.1,29
"T31","2024-06",14.8,22,7.2,82,46,265.1,48
"T32","2024-06",14.9,21.7,6.8,76,46,265.1,43
"T33","2024-06",14.8,23.4,8.7,76,46,265.1,22
"T34","2024-06",14.4,24,9.6,77,46,265.1,29
"T35","2024-06",14.9,22,7.1,83,46,265.1,44
"T36","2024-06",14.4,23.6,9.2,81,46,265.1,39
"T01","2024-07",15.5,26.9,11.4,65,39.5,184,2
"T02","2024-07",16.4,24.7,8.4,72,43.4,184,50
"T03","2024-07",16.2,25.3,9.1,70,39.8,184,19
"T04","2024-07",16.3,25.2,8.9,65,40.1,184,34
"T05","2024-07",16.2,27.2,11.1,60,34.4,184,4
"T06","2024-07",16.3,24.9,8.6,66,42.4,184,27
"T07","2024-07",16.2,26.5,10.3,62,38.7,184,14
"T08","2024-07",16.3,28.8,12.5,62,39.8,184,13
"T09","2024-07",15.8,23.8,8,64,37.9,184,29
"T10","2024-07",16.4,24.1,7.7,67,43.3,184,35
"T11","2024-07",15.6,25.5,9.9,61,40.6,184,29
"T12","2024-07",15.6,28.1,12.5,66,35,184,12
"T13","2024-07",15.8,25.5,9.7,70,41.4,184,21
"T14","2024-07",15.3,27,11.6,71,42.1,184,27
"T15","2024-07",15.9,27.1,11.2,63,40.4,184,2
"T16","2024-07",16.5,25.1,8.6,69,44.8,184,28
"T17","2024-07",16.2,24.2,8,73,43.9,184,47
"T18","2024-07",15.8,26.9,11.1,63,40.7,184,11
"T19","2024-07",16.3,26.3,10,66,41.2,184,18
"T20","2024-07",15.8,26,10.2,75,44.3,184,37
"T21","2024-07",16.7,24.6,7.9,71,42.1,184,31
"T22","2024-07",16.3,24.3,8,72,46,184,31
"T23","2024-07",16.1,25.7,9.6,69,41,184,11
"T24","2024-07",16.7,25.7,9,76,43.6,184,37
"T25","2024-07",17.6,23.7,6.1,84,46,184,52
"T26","2024-07",17.8,24.1,6.3,77,46,184,49
"T27","2024-07",16.3,23.2,6.9,80,46,184,55
"T28","2024-07",16.6,26.7,10.1,71,46,184,15
"T29","2024-07",17.8,24.3,6.4,83,46,184,49
"T30","2024-07",16,24.8,8.8,77,46,184,29
"T31","2024-07",16.8,24.5,7.7,75,46,184,48
"T32","2024-07",17,25.3,8.3,79,46,184,43
"T33","2024-07",16.2,25.6,9.4,80,46,184,22
"T34","2024-07",16.4,26.2,9.8,72,46,184,29
"T35","2024-07",16.3,24.7,8.4,78,46,184,44
"T36","2024-07",16.5,24.5,8,80,46,184,39
"T01","2024-08",16.6,28.9,12.3,51,30.8,135.9,2
"T02","2024-08",18.1,26.1,8,66,34.1,135.9,50
"T03","2024-08",16.6,28.5,11.9,63,31.3,135.9,19
"T04","2024-08",16.4,26.9,10.5,60,35,135.9,34
"T05","2024-08",17.4,30,12.6,58,30.6,135.9,4
"T06","2024-08",16.6,27.2,10.6,61,30.7,135.9,27
"T07","2024-08",17.2,27.4,10.1,56,33.5,135.9,14
"T08","2024-08",16.6,27.8,11.3,65,31.4,135.9,13
"T09","2024-08",17.2,27.6,10.4,66,34.4,135.9,29
"T10","2024-08",17.5,27.2,9.7,59,36.4,135.9,35
"T11","2024-08",17.2,27.6,10.4,65,38.3,135.9,29
"T12","2024-08",17.3,29.6,12.3,58,32.7,135.9,12
"T13","2024-08",17.9,27.9,10,65,35.3,135.9,21
"T14","2024-08",16.9,26.4,9.5,64,37.3,135.9,27
"T15","2024-08",16.8,30.1,13.3,67,34.8,135.9,2
"T16","2024-08",17,28,10.9,70,39.9,135.9,28
"T17","2024-08",18,26.4,8.3,70,39.1,135.9,47
"T18","2024-08",17.2,30,12.7,66,35.8,135.9,11
"T19","2024-08",17.7,29.6,11.9,61,37.5,135.9,18
"T20","2024-08",17.9,26.2,8.3,70,41.1,135.9,37
"T21","2024-08",18.7,28.5,9.8,66,39.1,135.9,31
"T22","2024-08",17.6,27.5,10,69,41.7,135.9,31
"T23","2024-08",16.8,28.3,11.5,64,34.1,135.9,11
"T24","2024-08",17.9,26.9,9,67,39.4,135.9,37
"T25","2024-08",17.6,26.2,8.6,80,46,135.9,52
"T26","2024-08",19.2,26.5,7.2,79,46,135.9,49
"T27","2024-08",18.9,25.8,6.9,79,46,135.9,55
"T28","2024-08",17.7,29.4,11.8,71,41.1,135.9,15
"T29","2024-08",17.6,26.6,9,71,46,135.9,49
"T30","2024-08",17.2,28.2,11,67,40.2,135.9,29
"T31","2024-08",18.9,25.8,6.9,72,46,135.9,48
"T32","2024-08",17.9,25.5,7.6,75,46,135.9,43
"T33","2024-08",16.9,27.6,10.7,65,39.8,135.9,22
"T34","2024-08",17,27.7,10.7,71,45.7,135.9,29
"T35","2024-08",18,26.1,8,73,46,135.9,44
"T36","2024-08",18,27.6,9.6,75,46,135.9,39
"T01","2024-09",18.5,31.7,13.2,53,17.8,45.2,2
"T02","2024-09",18.1,28.4,10.3,63,27.2,45.2,50
"T03","2024-09",18.1,29.3,11.2,55,25.9,45.2,19
"T04","2024-09",18.7,28,9.2,67,24.4,45.2,34
"T05","2024-09",17.4,30.6,13.2,55,21.4,45.2,4
"T06","2024-09",17.9,29.4,11.5,59,18.7,45.2,27
"T07","2024-09",17.1,30.9,13.7,56,21.4,45.2,14
"T08","2024-09",16.8,30.3,13.5,58,17.1,45.2,13
"T09","2024-09",18.2,28.8,10.6,61,23.1,45.2,29
"T10","2024-09",17.8,28.3,10.5,61,23.9,45.2,35
"T11","2024-09",18,29.1,11.1,58,23.9,45.2,29
"T12","2024-09",18.1,30.6,12.5,55,21.4,45.2,12
"T13","2024-09",18.2,29.6,11.5,62,29.4,45.2,21
"T14","2024-09",17.7,29.7,12.1,63,25.7,45.2,27
"T15","2024-09",16.7,31.8,15.1,59,22.9,45.2,2
"T16","2024-09",18,31.2,13.2,69,29.9,45.2,28
"T17","2024-09",18.4,27.3,8.9,72,28.8,45.2,47
"T18","2024-09",17.9,29.7,11.8,58,28.8,45.2,11
"T19","2024-09",19.1,29.4,10.3,61,22.7,45.2,18
"T20","2024-09",18.4,28.4,10,72,29.9,45.2,37
"T21","2024-09",18.4,28.2,9.8,68,27,45.2,31
"T22","2024-09",17.6,28.1,10.5,67,29,45.2,31
"T23","2024-09",17.7,31.4,13.7,59,22.3,45.2,11
"T24","2024-09",18.2,28.2,10,72,30.5,45.2,37
"T25","2024-09",20.2,28.2,8.1,77,32.3,45.2,52
"T26","2024-09",18.6,27.6,9,75,36.7,45.2,49
"T27","2024-09",18.9,27,8.2,78,34,45.2,55
"T28","2024-09",18.2,31.6,13.4,68,25.6,45.2,15
"T29","2024-09",18.1,27.6,9.5,67,32.2,45.2,49
"T30","2024-09",17.8,29.5,11.7,74,33.2,45.2,29
"T31","2024-09",18.4,28.1,9.7,78,35.7,45.2,48
"T32","2024-09",18.8,28,9.2,69,33.6,45.2,43
"T33","2024-09",19,29.4,10.4,67,25.6,45.2,22
"T34","2024-09",18.8,28.2,9.4,68,30.3,45.2,29
"T35","2024-09",18.8,27.8,9,75,34.7,45.2,44
"T36","2024-09",18.7,29,10.3,73,33.7,45.2,39
"T01","2024-10",17.5,30.8,13.3,55,20.7,57.9,2
"T02","2024-10",17.5,28.7,11.2,65,26.2,57.9,50
"T03","2024-10",17.4,30.2,12.7,60,19.6,57.9,19
"T04","2024-10",18,28,10.1,57,22.5,57.9,34
"T05","2024-10",17.5,31.3,13.8,54,16.7,57.9,4
"T06","2024-10",18,29.8,11.8,53,25.2,57.9,27
"T07","2024-10",16.9,29.7,12.9,57,22.6,57.9,14
"T08","2024-10",17.3,30.5,13.1,53,21.4,57.9,13
"T09","2024-10",17.5,28.4,10.9,58,23.8,57.9,29
"T10","2024-10",17.4,29.4,12,59,23.8,57.9,35
"T11","2024-10",17.2,28.7,11.5,63,21.9,57.9,29
"T12","2024-10",18,31.3,13.4,58,20.2,57.9,12
"T13","2024-10",18.3,29.5,11.1,64,29.8,57.9,21
"T14","2024-10",18.6,29,10.4,61,27.3,57.9,27
"T15","2024-10",16.9,32.1,15.3,58,21.5,57.9,2
"T16","2024-10",17.9,30.3,12.4,58,30.3,57.9,28
"T17","2024-10",18.8,29.3,10.5,73,30.9,57.9,47
"T18","2024-10",17.8,31.7,13.9,55,24.9,57.9,11
"T19","2024-10",17.1,30.1,13,63,26,57.9,18
"T20","2024-10",17,30.2,13.2,71,27.9,57.9,37
"T21","2024-10",18,29.3,11.3,67,26.9,57.9,31
"T22","2024-10",17.8,29.4,11.6,66,30.3,57.9,31
"T23","2024-10",17.7,30.5,12.8,63,23.7,57.9,11
"T24","2024-10",18.3,29.6,11.3,68,26.1,57.9,37
"T25","2024-10",19.1,29.1,10.1,73,34.8,57.9,52
"T26","2024-10",19.1,28.5,9.4,75,34,57.9,49
"T27","2024-10",19.4,28.4,9.1,77,36.6,57.9,55
"T28","2024-10",17.6,30.2,12.6,71,29.7,57.9,15
"T29","2024-10",18.3,28.1,9.8,77,37.9,57.9,49
"T30","2024-10",18.4,30.2,11.9,73,32.7,57.9,29
"T31","2024-10",18.8,28.3,9.4,68,36.3,57.9,48
"T32","2024-10",18.9,30.5,11.6,77,34.3,57.9,43
"T33","2024-10",18.8,30.7,11.8,63,29.5,57.9,22
"T34","2024-10",19.2,30.7,11.5,69,28.6,57.9,29
"T35","2024-10",19.2,28.8,9.6,72,36.6,57.9,44
"T36","2024-10",18.1,30.1,12,71,37.7,57.9,39
"T01","2024-11",17.1,31.2,14.1,52,16.4,36.2,2
"T02","2024-11",18.3,26.5,8.1,67,25.7,36.2,50
"T03","2024-11",16.9,29.2,12.4,56,18.9,36.2,19
"T04","2024-11",17.6,26.8,9.2,62,21.3,36.2,34
"T05","2024-11",16.7,30.3,13.6,55,16.7,36.2,4
"T06","2024-11",17.7,28,10.3,63,19.9,36.2,27
"T07","2024-11",17.5,27.9,10.4,56,18.9,36.2,14
"T08","2024-11",17.1,28.4,11.4,51,18.7,36.2,13
"T09","2024-11",17.9,28.7,10.8,63,21.3,36.2,29
"T10","2024-11",18.2,27.8,9.6,65,22.7,36.2,35
"T11","2024-11",17.8,29.2,11.3,60,20.1,36.2,29
"T12","2024-11",17.4,30.2,12.8,57,19.5,36.2,12
"T13","2024-11",18.1,29.1,11.1,68,20.7,36.2,21
"T14","2024-11",18.1,28.5,10.4,65,22.9,36.2,27
"T15","2024-11",17.4,30.1,12.8,60,21.7,36.2,2
"T16","2024-11",17.6,28.5,10.9,65,22.5,36.2,28
"T17","2024-11",18.4,26.4,8,69,25.7,36.2,47
"T18","2024-11",17.5,30.6,13,62,21.7,36.2,11
"T19","2024-11",17.5,30.2,12.7,57,22.9,36.2,18
"T20","2024-11",17.7,27.6,9.8,68,25.7,36.2,37
"T21","2024-11",17.6,27.4,9.8,66,26.8,36.2,31
"T22","2024-11",18.3,28.8,10.6,59,22.8,36.2,31
"T23","2024-11",17.3,28.3,11,54,20.4,36.2,11
"T24","2024-11",18.3,27.6,9.3,61,26.9,36.2,37
"T25","2024-11",18.9,26.3,7.4,77,36.4,36.2,52
"T26","2024-11",18.9,27.7,8.8,73,32.9,36.2,49
"T27","2024-11",18.9,25.5,6.6,76,34.1,36.2,55
"T28","2024-11",17.7,29.2,11.5,68,27.7,36.2,15
"T29","2024-11",19.5,27.2,7.7,76,32.6,36.2,49
"T30","2024-11",17.7,27.7,10,70,30.9,36.2,29
"T31","2024-11",18,26.3,8.3,70,35.1,36.2,48
"T32","2024-11",19.5,27.3,7.8,75,35.2,36.2,43
"T33","2024-11",17.9,28.3,10.4,70,26.8,36.2,22
"T34","2024-11",18.6,28.6,10,61,33.5,36.2,29
"T35","2024-11",18.9,26.8,7.9,69,33.1,36.2,44
"T36","2024-11",19.1,26.9,7.7,74,33.8,36.2,39
"T01","2024-12",16.5,28.4,11.9,57,22.1,69.2,2
"T02","2024-12",17.4,25.4,8,71,29.3,69.2,50
"T03","2024-12",15.6,27.5,11.9,58,22.9,69.2,19
"T04","2024-12",15.9,26,10.1,70,26.3,69.2,34
"T05","2024-12",16.1,29,12.8,58,22,69.2,4
"T06","2024-12",16.4,25.6,9.3,65,22.1,69.2,27
"T07","2024-12",15.8,29.2,13.4,56,23.8,69.2,14
"T08","2024-12",16.1,26.5,10.4,58,25.5,69.2,13
"T09","2024-12",16.7,27.1,10.4,60,25.5,69.2,29
"T10","2024-12",17.2,27.7,10.6,64,26.9,69.2,35
"T11","2024-12",15.2,26.1,10.9,67,29.4,69.2,29
"T12","2024-12",16.6,28.5,11.9,57,24.3,69.2,12
"T13","2024-12",16.9,28.6,11.7,67,28.4,69.2,21
"T14","2024-12",16.9,27.1,10.2,68,31,69.2,27
"T15","2024-12",16,29.4,13.4,63,23.3,69.2,2
"T16","2024-12",17.1,27.1,10.1,71,31.7,69.2,28
"T17","2024-12",18.2,25.4,7.2,67,27.1,69.2,47
"T18","2024-12",18,27.7,9.7,60,26.7,69.2,11
"T19","2024-12",16.8,28.1,11.3,64,27.4,69.2,18
"T20","2024-12",17.4,27.5,10.1,68,29.8,69.2,37
"T21","2024-12",17.4,26.5,9.1,66,28.8,69.2,31
"T22","2024-12",16.6,26.1,9.5,72,31.8,69.2,31
"T23","2024-12",16,27.8,11.8,61,28.6,69.2,11
"T24","2024-12",16.7,26.6,9.9,68,32.5,69.2,37
"T25","2024-12",18.1,25.5,7.4,75,35.6,69.2,52
"T26","2024-12",17.6,25.8,8.2,78,38.1,69.2,49
"T27","2024-12",17.1,25.7,8.7,77,42.5,69.2,55
"T28","2024-12",16.9,28.9,12,71,31.8,69.2,15
"T29","2024-12",17.6,25.6,8,76,37.6,69.2,49
"T30","2024-12",16.9,26.7,9.8,76,35.2,69.2,29
"T31","2024-12",17.8,25.7,7.9,83,37.8,69.2,48
"T32","2024-12",17.4,25.7,8.2,76,36.6,69.2,43
"T33","2024-12",16.8,28.5,11.7,70,34.3,69.2,22
"T34","2024-12",16.4,26.8,10.5,69,34.5,69.2,29
"T35","2024-12",17.1,25.4,8.3,73,37.1,69.2,44
"T36","2024-12",17.4,27.1,9.7,76,36.4,69.2,39
"T01","2025-01",13.5,24.3,10.8,62,32,162.1,15
"T02","2025-01",14.9,21.7,6.8,72,39.8,162.1,52
"T03","2025-01",14.8,24.9,10.1,68,34.9,162.1,20
"T04","2025-01",14.4,23.8,9.3,66,38.6,162.1,28
"T05","2025-01",14.5,25.5,11,62,34.1,162.1,2
"T06","2025-01",14.9,24.7,9.8,70,37.2,162.1,25
"T07","2025-01",14.6,24.1,9.6,56,34.4,162.1,13
"T08","2025-01",14.2,26,11.8,65,38.5,162.1,8
"T09","2025-01",15.8,25.5,9.7,66,35.9,162.1,24
"T10","2025-01",16,23.2,7.2,67,42.8,162.1,42
"T11","2025-01",15.4,22.6,7.2,71,39.2,162.1,41
"T12","2025-01",14.6,24.5,10,61,33.9,162.1,14
"T13","2025-01",14.8,24.6,9.8,71,39,162.1,23
"T14","2025-01",14.9,23,8,70,43.6,162.1,28
"T15","2025-01",15.8,25.3,9.5,68,38.4,162.1,6
"T16","2025-01",15.7,22,6.3,71,46,162.1,39
"T17","2025-01",15.4,23.3,7.9,77,45.5,162.1,43
"T18","2025-01",15,26.5,11.4,61,38.4,162.1,4
"T19","2025-01",14.8,23.6,8.8,64,41.5,162.1,24
"T20","2025-01",14.4,22.9,8.5,68,41.1,162.1,38
"T21","2025-01",16.8,21.7,4.9,72,44,162.1,48
"T22","2025-01",15,23.6,8.6,69,43.1,162.1,33
"T23","2025-01",15,26.6,11.6,70,33.6,162.1,5
"T24","2025-01",15.7,23.8,8.1,76,43.9,162.1,31
"T25","2025-01",15.6,22.6,7,80,46,162.1,49
"T26","2025-01",15.4,23.4,8,81,46,162.1,45
"T27","2025-01",15.9,22.3,6.3,80,46,162.1,53
"T28","2025-01",14.6,24.5,9.9,73,41.4,162.1,6
"T29","2025-01",16,23.1,7.1,81,46,162.1,50
"T30","2025-01",15.1,23.1,8,79,46,162.1,42
"T31","2025-01",15.2,23,7.8,74,46,162.1,38
"T32","2025-01",15.7,22.4,6.7,78,46,162.1,36
"T33","2025-01",15.5,23.5,7.9,78,45.9,162.1,34
"T34","2025-01",15.3,23.3,8,80,46,162.1,42
"T35","2025-01",17,22.2,5.3,81,46,162.1,51
"T36","2025-01",14.8,23.3,8.5,79,43.1,162.1,29
"T01","2025-02",13.1,22.4,9.3,70,39.2,205,15
"T02","2025-02",13.4,20.1,6.7,68,46,205,52
"T03","2025-02",13,21.9,8.9,64,44.2,205,20
"T04","2025-02",12.9,21.3,8.4,69,42.7,205,28
"T05","2025-02",12.9,22.9,10,67,38.9,205,2
"T06","2025-02",13,22.9,9.9,73,45.5,205,25
"T07","2025-02",12.3,22.3,10,63,43.6,205,13
"T08","2025-02",12.3,22.5,10.2,61,42.3,205,8
"T09","2025-02",13.3,20.9,7.6,69,40.4,205,24
"T10","2025-02",13.8,19.6,5.8,77,46,205,42
"T11","2025-02",13.3,20.2,7,75,46,205,41
"T12","2025-02",12.9,23.4,10.5,70,42.6,205,14
"T13","2025-02",14,21.3,7.3,71,45.6,205,23
"T14","2025-02",13.6,21.4,7.8,76,46,205,28
"T15","2025-02",12.2,23.8,11.6,74,42,205,6
"T16","2025-02",14.3,20.9,6.7,80,46,205,39
"T17","2025-02",14.1,20.8,6.7,78,46,205,43
"T18","2025-02",13.4,22.5,9.1,69,43.6,205,4
"T19","2025-02",13.2,22.4,9.2,71,46,205,24
"T20","2025-02",12.7,20.7,8.1,73,46,205,38
"T21","2025-02",13.4,18.7,5.3,83,46,205,48
"T22","2025-02",13.5,20.6,7.2,75,46,205,33
"T23","2025-02",12.9,23.6,10.7,68,46,205,5
"T24","2025-02",14,21.6,7.7,75,46,205,31
"T25","2025-02",14.5,19.1,4.6,83,46,205,49
"T26","2025-02",13.8,19.3,5.6,86,46,205,45
"T27","2025-02",14.2,20.2,6,79,46,205,53
"T28","2025-02",13.4,24.5,11.1,75,46,205,6
"T29","2025-02",15.2,20,4.8,81,46,205,50
"T30","2025-02",14.1,21.7,7.6,83,46,205,42
"T31","2025-02",13.4,21.4,8,78,46,205,38
"T32","2025-02",14.1,20.2,6.1,76,46,205,36
"T33","2025-02",14.4,22.3,7.9,78,46,205,34
"T34","2025-02",13.8,21.3,7.5,83,46,205,42
"T35","2025-02",13.9,20.1,6.2,81,46,205,51
"T36","2025-02",13.5,21,7.5,78,46,205,29
"T01","2025-03",12.2,21.5,9.3,68,46,296.5,15
"T02","2025-03",13.6,17.5,4,82,46,296.5,52
"T03","2025-03",12.5,19.7,7.2,71,46,296.5,20
"T04","2025-03",13.1,20.9,7.8,70,46,296.5,28
"T05","2025-03",12,22,10,67,46,296.5,2
"T06","2025-03",12.5,19.6,7.1,73,46,296.5,25
"T07","2025-03",11.8,21.7,9.9,66,46,296.5,13
"T08","2025-03",12.6,22,9.4,72,46,296.5,8
"T09","2025-03",12.3,20.3,8.1,70,46,296.5,24
"T10","2025-03",13,19.3,6.3,78,46,296.5,42
"T11","2025-03",12.5,18.3,5.8,71,46,296.5,41
"T12","2025-03",12.1,20.8,8.7,68,46,296.5,14
"T13","2025-03",11.5,20.5,9.1,79,46,296.5,23
"T14","2025-03",13.1,20.4,7.3,78,46,296.5,28
"T15","2025-03",12.2,22.8,10.6,76,46,296.5,6
"T16","2025-03",12.5,19.1,6.6,79,46,296.5,39
"T17","2025-03",13,18.6,5.5,81,46,296.5,43
"T18","2025-03",11.4,21.7,10.3,74,46,296.5,4
"T19","2025-03",13,19.8,6.8,73,46,296.5,24
"T20","2025-03",12.9,19.8,6.9,78,46,296.5,38
"T21","2025-03",13.3,18.1,4.8,82,46,296.5,48
"T22","2025-03",12.6,19.5,6.9,80,46,296.5,33
"T23","2025-03",12.1,21,8.9,71,46,296.5,5
"T24","2025-03",13.4,19.9,6.5,70,46,296.5,31
"T25","2025-03",13.6,19.8,6.2,84,46,296.5,49
"T26","2025-03",13.5,19.7,6.2,88,46,296.5,45
"T27","2025-03",13.2,18.1,4.9,86,46,296.5,53
"T28","2025-03",13.2,22,8.7,77,46,296.5,6
"T29","2025-03",12.7,18.7,6,84,46,296.5,50
"T30","2025-03",13.3,18.9,5.6,81,46,296.5,42
"T31","2025-03",12.9,19.6,6.8,81,46,296.5,38
"T32","2025-03",12.4,18.3,5.9,82,46,296.5,36
"T33","2025-03",13,19.9,6.8,82,46,296.5,34
"T34","2025-03",12.7,19,6.3,87,46,296.5,42
"T35","2025-03",13,18,5,82,46,296.5,51
"T36","2025-03",12.5,20.2,7.7,83,46,296.5,29
"T01","2025-04",12.2,21.7,9.6,68,46,306,15
"T02","2025-04",13.3,19.1,5.8,85,46,306,52
"T03","2025-04",11.8,21.7,9.9,67,46,306,20
"T04","2025-04",11.8,21.9,10.1,75,46,306,28
"T05","2025-04",12.4,23.4,11,67,46,306,2
"T06","2025-04",13,20.2,7.1,69,46,306,25
"T07","2025-04",12.6,22.8,10.2,74,46,306,13
"T08","2025-04",11.9,21.7,9.9,71,46,306,8
"T09","2025-04",12.1,19.9,7.7,78,46,306,24
"T10","2025-04",12.4,20.3,7.9,71,46,306,42
"T11","2025-04",12.4,20.4,8,79,46,306,41
"T12","2025-04",12.6,21.9,9.3,69,46,306,14
"T13","2025-04",12.7,21.2,8.5,71,46,306,23
"T14","2025-04",12.8,21.1,8.3,79,46,306,28
"T15","2025-04",12.1,21.7,9.6,72,46,306,6
"T16","2025-04",12.4,20.6,8.3,79,46,306,39
"T17","2025-04",12.7,19.7,7,74,46,306,43
"T18","2025-04",13,22.3,9.3,72,46,306,4
"T19","2025-04",12.4,19.5,7.1,77,46,306,24
"T20","2025-04",12.9,20.5,7.6,82,46,306,38
"T21","2025-04",12.9,18.4,5.5,79,46,306,48
"T22","2025-04",12.6,20.4,7.8,81,46,306,33
"T23","2025-04",12.8,23.3,10.5,70,46,306,5
"T24","2025-04",12.8,20.3,7.5,84,46,306,31
"T25","2025-04",13.2,18.9,5.7,81,46,306,49
"T26","2025-04",13,19.3,6.3,84,46,306,45
"T27","2025-04",13.3,17.2,3.9,87,46,306,53
"T28","2025-04",12.5,23.2,10.8,77,46,306,6
"T29","2025-04",13.7,18.8,5.1,89,46,306,50
"T30","2025-04",12.9,20.4,7.5,84,46,306,42
"T31","2025-04",12.5,20,7.4,85,46,306,38
"T32","2025-04",12.6,19.4,6.7,88,46,306,36
"T33","2025-04",12.6,21.2,8.5,83,46,306,34
"T34","2025-04",13.5,19.5,6.1,86,46,306,42
"T35","2025-04",13.4,20.4,7,89,46,306,51
"T36","2025-04",13,21.6,8.6,86,46,306,29
"T01","2025-05",13.4,20.2,6.8,64,46,349.6,15
"T02","2025-05",14.1,17.9,3.7,78,46,349.6,52
"T03","2025-05",13.3,20.6,7.3,66,46,349.6,20
"T04","2025-05",12.9,20,7.1,73,46,349.6,28
"T05","2025-05",12.9,22.8,9.9,61,46,349.6,2
"T06","2025-05",12.9,21.2,8.3,74,46,349.6,25
"T07","2025-05",12.3,20.9,8.6,71,46,349.6,13
"T08","2025-05",12.5,21.7,9.2,71,46,349.6,8
"T09","2025-05",13,20.2,7.2,74,46,349.6,24
"T10","2025-05",12.8,19.2,6.4,79,46,349.6,42
"T11","2025-05",13.6,18.5,4.9,80,46,349.6,41
"T12","2025-05",12.8,21.8,9,69,46,349.6,14
"T13","2025-05",13.5,19.6,6.2,78,46,349.6,23
"T14","2025-05",13,20.7,7.7,78,46,349.6,28
"T15","2025-05",12.6,20.9,8.3,68,46,349.6,6
"T16","2025-05",13.6,18.9,5.3,78,46,349.6,39
"T17","2025-05",13.7,19.4,5.6,79,46,349.6,43
"T18","2025-05",12.7,22.6,9.9,70,46,349.6,4
"T19","2025-05",13.9,20.8,6.9,69,46,349.6,24
"T20","2025-05",14,20.2,6.2,77,46,349.6,38
"T21","2025-05",13.9,18.5,4.6,79,46,349.6,48
"T22","2025-05",12.7,20.1,7.5,72,46,349.6,33
"T23","2025-05",12.9,22.2,9.3,66,46,349.6,5
"T24","2025-05",13.4,19.8,6.4,73,46,349.6,31
"T25","2025-05",14.1,19.4,5.3,81,46,349.6,49
"T26","2025-05",13.7,18.5,4.8,89,46,349.6,45
"T27","2025-05",15,17.7,2.6,85,46,349.6,53
"T28","2025-05",13,22.4,9.4,74,46,349.6,6
"T29","2025-05",14.2,18.7,4.5,84,46,349.6,50
"T30","2025-05",14.7,18.6,3.9,84,46,349.6,42
"T31","2025-05",13.6,19.8,6.2,85,46,349.6,38
"T32","2025-05",13.5,19.4,5.9,81,46,349.6,36
"T33","2025-05",13.9,19.2,5.3,81,46,349.6,34
"T34","2025-05",13.9,19.1,5.2,85,46,349.6,42
"T35","2025-05",14.8,19,4.1,88,46,349.6,51
"T36","2025-05",13.8,19.5,5.7,81,46,349.6,29
"T01","2025-06",14.7,24.9,10.2,65,46,247.8,15
"T02","2025-06",14.9,21.1,6.1,76,46,247.8,52
"T03","2025-06",14.7,22.8,8.1,67,46,247.8,20
"T04","2025-06",14.2,22.5,8.3,69,46,247.8,28
"T05","2025-06",13.7,23.5,9.8,65,46,247.8,2
"T06","2025-06",14.5,23.2,8.7,71,46,247.8,25
"T07","2025-06",13.8,23.6,9.8,72,45.9,247.8,13
"T08","2025-06",14.1,23.9,9.8,64,41.8,247.8,8
"T09","2025-06",13.8,23.4,9.6,66,46,247.8,24
"T10","2025-06",14.4,22.5,8,72,46,247.8,42
"T11","2025-06",14.3,21.5,7.2,77,46,247.8,41
"T12","2025-06",14.2,24.1,10,67,46,247.8,14
"T13","2025-06",14.8,22.4,7.6,71,46,247.8,23
"T14","2025-06",13.9,23.3,9.4,72,46,247.8,28
"T15","2025-06",14.4,25.1,10.7,67,46,247.8,6
"T16","2025-06",15,21.3,6.3,72,46,247.8,39
"T17","2025-06",15.1,21.7,6.6,71,46,247.8,43
"T18","2025-06",13.3,25.8,12.5,70,46,247.8,4
"T19","2025-06",14.2,23.1,8.9,71,46,247.8,24
"T20","2025-06",15.4,21.4,6,72,46,247.8,38
"T21","2025-06",14.7,20.6,6,80,46,247.8,48
"T22","2025-06",13.8,22.7,8.8,71,46,247.8,33
"T23","2025-06",14.4,25.5,11.1,71,46,247.8,5
"T24","2025-06",14.9,22.4,7.5,78,46,247.8,31
"T25","2025-06",15.5,21.9,6.4,85,46,247.8,49
"T26","2025-06",15.6,23.1,7.5,86,46,247.8,45
"T27","2025-06",15.4,22.1,6.7,82,46,247.8,53
"T28","2025-06",14.2,25.1,10.9,75,46,247.8,6
"T29","2025-06",14.7,21.3,6.5,88,46,247.8,50
"T30","2025-06",14.8,22.2,7.4,78,46,247.8,42
"T31","2025-06",15.2,22.7,7.5,80,46,247.8,38
"T32","2025-06",15,23.3,8.3,82,46,247.8,36
"T33","2025-06",15.8,23.1,7.4,83,46,247.8,34
"T34","2025-06",15.2,22.2,7,75,46,247.8,42
"T35","2025-06",15.9,21.4,5.5,87,46,247.8,51
"T36","2025-06",15.3,23.5,8.2,76,46,247.8,29
"T01","2025-07",15.3,25.8,10.5,64,37.9,187.9,15
"T02","2025-07",16.1,23.8,7.7,78,45.2,187.9,52
"T03","2025-07",15.4,26.2,10.8,66,38.8,187.9,20
"T04","2025-07",15.7,24.3,8.7,68,38.4,187.9,28
"T05","2025-07",15.2,27.2,12,67,37.7,187.9,2
"T06","2025-07",14.7,24.6,9.9,68,38.8,187.9,25
"T07","2025-07",14.8,26.3,11.4,60,36.5,187.9,13
"T08","2025-07",15.3,27.1,11.8,63,34.2,187.9,8
"T09","2025-07",15.7,25.6,9.9,66,40.5,187.9,24
"T10","2025-07",16.2,24.1,7.8,70,41.1,187.9,42
"T11","2025-07",16.7,22.9,6.2,70,44.1,187.9,41
"T12","2025-07",15.4,26.7,11.4,68,35.3,187.9,14
"T13","2025-07",16.9,26.7,9.9,60,46,187.9,23
"T14","2025-07",16.1,25.3,9.2,69,42.8,187.9,28
"T15","2025-07",15.3,27.4,12.1,69,42,187.9,6
"T16","2025-07",16.7,24.4,7.7,67,45.4,187.9,39
"T17","2025-07",16.9,25.3,8.3,71,46,187.9,43
"T18","2025-07",15.8,26.3,10.5,64,43.3,187.9,4
"T19","2025-07",15.1,25.6,10.5,71,42.4,187.9,24
"T20","2025-07",15.9,23.4,7.5,75,46,187.9,38
"T21","2025-07",16.4,23.9,7.5,78,46,187.9,48
"T22","2025-07",16,25.2,9.2,71,42,187.9,33
"T23","2025-07",15.7,26.2,10.5,70,39.4,187.9,5
"T24","2025-07",15.9,25.6,9.7,66,43.8,187.9,31
"T25","2025-07",16,23.2,7.2,83,46,187.9,49
"T26","2025-07",17.1,25.6,8.5,79,46,187.9,45
"T27","2025-07",16.6,23.8,7.1,80,46,187.9,53
"T28","2025-07",16.3,26.4,10.1,76,46,187.9,6
"T29","2025-07",16.7,23.9,7.2,84,46,187.9,50
"T30","2025-07",16.5,24.3,7.8,77,46,187.9,42
"T31","2025-07",16.8,24.8,7.9,80,46,187.9,38
"T32","2025-07",16.7,25.3,8.6,81,46,187.9,36
"T33","2025-07",16.6,25.4,8.8,77,46,187.9,34
"T34","2025-07",16.1,23.7,7.6,82,46,187.9,42
"T35","2025-07",17.1,23.8,6.7,89,46,187.9,51
"T36","2025-07",16.8,25,8.2,77,46,187.9,29
"T01","2025-08",17.7,29.3,11.6,63,30.8,105.1,15
"T02","2025-08",17.5,26.6,9.1,70,34,105.1,52
"T03","2025-08",16.5,29.1,12.6,58,30,105.1,20
"T04","2025-08",18,28.9,10.9,60,27.8,105.1,28
"T05","2025-08",17,30.4,13.4,60,22.1,105.1,2
"T06","2025-08",16.6,29.1,12.4,64,30.6,105.1,25
"T07","2025-08",16.8,29.3,12.5,60,28.4,105.1,13
"T08","2025-08",16.9,29.5,12.7,57,28.7,105.1,8
"T09","2025-08",17.5,29.4,11.8,56,28.8,105.1,24
"T10","2025-08",18.6,27.4,8.8,70,29.8,105.1,42
"T11","2025-08",18.3,28.1,9.7,68,32,105.1,41
"T12","2025-08",17.2,28.5,11.3,55,30.5,105.1,14
"T13","2025-08",17.6,29,11.4,63,38.2,105.1,23
"T14","2025-08",17.8,28.6,10.7,72,34.9,105.1,28
"T15","2025-08",17,29.9,13,60,30.9,105.1,6
"T16","2025-08",17.8,27.9,10.1,64,33.2,105.1,39
"T17","2025-08",17.9,27,9.1,69,34.5,105.1,43
"T18","2025-08",17.1,30.4,13.3,55,31.2,105.1,4
"T19","2025-08",18.4,29.2,10.8,62,34.4,105.1,24
"T20","2025-08",17.8,27.3,9.5,71,39.1,105.1,38
"T21","2025-08",18.2,27.4,9.2,69,39.1,105.1,48
"T22","2025-08",18,28.6,10.7,72,32.7,105.1,33
"T23","2025-08",17.7,30.5,12.8,58,32.2,105.1,5
"T24","2025-08",17.9,26.7,8.9,64,35.2,105.1,31
"T25","2025-08",18.6,27.2,8.6,77,42.6,105.1,49
"T26","2025-08",18.3,26.7,8.4,78,45.9,105.1,45
"T27","2025-08",18.2,26.6,8.5,79,42.8,105.1,53
"T28","2025-08",17.9,30,12.1,69,34.7,105.1,6
"T29","2025-08",18,26.3,8.3,81,43.8,105.1,50
"T30","2025-08",18.2,28.4,10.2,77,42.6,105.1,42
"T31","2025-08",17.9,27.2,9.3,72,42.3,105.1,38
"T32","2025-08",18.4,28.4,10,72,38.7,105.1,36
"T33","2025-08",17.8,27.6,9.7,70,41.3,105.1,34
"T34","2025-08",18.4,27.4,9,79,38.1,105.1,42
"T35","2025-08",17.5,27.6,10.1,71,41.3,105.1,51
"T36","2025-08",19.2,28.2,9,75,35,105.1,29
"T01","2025-09",16.9,31.1,14.2,55,25.4,83.7,15
"T02","2025-09",19.3,27.3,7.9,60,30.7,83.7,52
"T03","2025-09",17.2,29.1,11.9,57,29.2,83.7,20
"T04","2025-09",18.3,29.9,11.6,58,30.7,83.7,28
"T05","2025-09",16.7,30.8,14.2,52,19.8,83.7,2
"T06","2025-09",17.3,29.5,12.2,60,26,83.7,25
"T07","2025-09",17.4,30.8,13.4,58,24.4,83.7,13
"T08","2025-09",17,30.5,13.4,55,23.2,83.7,8
"T09","2025-09",18.2,29.7,11.5,64,27.5,83.7,24
"T10","2025-09",18,28.8,10.8,62,29.7,83.7,42
"T11","2025-09",18.3,27.6,9.4,58,29,83.7,41
"T12","2025-09",16.7,30.9,14.1,62,26.2,83.7,14
"T13","2025-09",18.7,29.8,11.1,60,31.1,83.7,23
"T14","2025-09",17.7,29.5,11.8,72,27.4,83.7,28
"T15","2025-09",16.9,30.5,13.6,59,25.6,83.7,6
"T16","2025-09",18.8,30.1,11.3,61,33.1,83.7,39
"T17","2025-09",18.4,27.2,8.8,66,29.9,83.7,43
"T18","2025-09",17.4,30.9,13.5,59,28.7,83.7,4
"T19","2025-09",17.9,29.9,12,63,33.8,83.7,24
"T20","2025-09",18.9,29,10.1,65,32.3,83.7,38
"T21","2025-09",18.7,27.9,9.1,68,34.7,83.7,48
"T22","2025-09",18.5,30.1,11.7,60,31.3,83.7,33
"T23","2025-09",17.3,30.5,13.2,59,26.7,83.7,5
"T24","2025-09",18.2,29.4,11.2,63,31.7,83.7,31
"T25","2025-09",18.1,27.8,9.7,73,37.5,83.7,49
"T26","2025-09",19.8,28.1,8.2,70,37.3,83.7,45
"T27","2025-09",19.1,27.7,8.7,69,39.2,83.7,53
"T28","2025-09",18.4,31.3,12.8,66,34.8,83.7,6
"T29","2025-09",18.7,28.3,9.5,73,38.2,83.7,50
"T30","2025-09",17.9,27.2,9.2,73,39.9,83.7,42
"T31","2025-09",18.7,27.7,9,71,39.8,83.7,38
"T32","2025-09",18.4,30.1,11.7,71,39.4,83.7,36
"T33","2025-09",18,29.6,11.5,67,38.6,83.7,34
"T34","2025-09",18.4,28.1,9.7,66,35.2,83.7,42
"T35","2025-09",18.7,28.3,9.6,75,41.7,83.7,51
"T36","2025-09",18.7,28.3,9.6,70,36.8,83.7,29
"T01","2025-10",18.6,31,12.3,57,27.4,77.8,15
"T02","2025-10",18.8,27.4,8.7,61,32.7,77.8,52
"T03","2025-10",18,29.2,11.2,56,26.9,77.8,20
"T04","2025-10",19.5,29.5,10,64,25.9,77.8,28
"T05","2025-10",18.5,30.3,11.7,54,25.5,77.8,2
"T06","2025-10",18.2,29.4,11.2,54,27.5,77.8,25
"T07","2025-10",18.6,30.2,11.6,56,26.3,77.8,13
"T08","2025-10",18.1,30.2,12,58,23.9,77.8,8
"T09","2025-10",17.8,29,11.2,55,27.7,77.8,24
"T10","2025-10",20.1,28.3,8.2,58,28.2,77.8,42
"T11","2025-10",18.9,27.2,8.3,57,26.3,77.8,41
"T12","2025-10",18.8,29.3,10.5,56,28.6,77.8,14
"T13","2025-10",18.4,30.1,11.6,63,33,77.8,23
"T14","2025-10",19.4,28.9,9.5,65,29.3,77.8,28
"T15","2025-10",18.5,30.5,12,56,28.1,77.8,6
"T16","2025-10",19.8,28.8,9,67,34.6,77.8,39
"T17","2025-10",19.4,28.4,9,66,31.5,77.8,43
"T18","2025-10",18.8,30.8,12,58,26.5,77.8,4
"T19","2025-10",18.6,29.2,10.6,65,29.7,77.8,24
"T20","2025-10",19.2,29.1,9.9,67,33.8,77.8,38
"T21","2025-10",19.2,27.9,8.7,68,34,77.8,48
"T22","2025-10",18.4,28.7,10.4,65,31,77.8,33
"T23","2025-10",17.9,31.2,13.2,56,26.9,77.8,5
"T24","2025-10",19.3,29,9.7,66,30.3,77.8,31
"T25","2025-10",19.9,27.8,7.8,71,37.1,77.8,49
"T26","2025-10",18.9,28.1,9.2,74,39,77.8,45
"T27","2025-10",19.5,27.5,8.1,72,39.4,77.8,53
"T28","2025-10",19.2,30.3,11.1,57,31.7,77.8,6
"T29","2025-10",18.2,27.2,9,71,39.9,77.8,50
"T30","2025-10",20.1,27.8,7.7,63,35.8,77.8,42
"T31","2025-10",19,28.9,9.8,72,37.7,77.8,38
"T32","2025-10",18.8,29.1,10.3,70,38.9,77.8,36
"T33","2025-10",19.5,27.1,7.6,69,35.1,77.8,34
"T34","2025-10",19.8,28.3,8.6,72,38.3,77.8,42
"T35","2025-10",20.8,27.9,7.1,70,38.3,77.8,51
"T36","2025-10",19.2,29,9.8,70,33.9,77.8,29
"T01","2025-11",18,28.3,10.3,58,19,39,15
"T02","2025-11",18.3,26.2,7.9,58,23.6,39,52
"T03","2025-11",17.1,28.8,11.7,59,20,39,20
"T04","2025-11",18,28.9,10.9,66,19.1,39,28
"T05","2025-11",17.8,30.7,12.9,59,22.4,39,2
"T06","2025-11",17.9,27.6,9.7,60,19.8,39,25
"T07","2025-11",17.6,29.2,11.7,53,20.7,39,13
"T08","2025-11",18.2,29.4,11.2,59,21.8,39,8
"T09","2025-11",17.5,27.9,10.4,62,18.4,39,24
"T10","2025-11",18,26.5,8.5,60,24.4,39,42
"T11","2025-11",18,28.2,10.2,63,22.4,39,41
"T12","2025-11",17.2,29.1,11.9,65,17.7,39,14
"T13","2025-11",18,30.2,12.2,63,25,39,23
"T14","2025-11",17.9,27.8,9.9,66,24.7,39,28
"T15","2025-11",16.6,28.6,12,62,22.9,39,6
"T16","2025-11",18.2,27.2,9,59,27.2,39,39
"T17","2025-11",18.4,26.7,8.3,68,29.6,39,43
"T18","2025-11",18,30.6,12.6,55,25.8,39,4
"T19","2025-11",17.7,29.2,11.5,68,23.4,39,24
"T20","2025-11",17.5,27.6,10.1,65,26.6,39,38
"T21","2025-11",18.8,27.3,8.5,65,29.6,39,48
"T22","2025-11",18.3,27.6,9.3,61,27.5,39,33
"T23","2025-11",17,30.4,13.3,63,22.5,39,5
"T24","2025-11",18.3,27.7,9.4,61,26.5,39,31
"T25","2025-11",19,27.3,8.3,82,37,39,49
"T26","2025-11",17.6,28.5,10.9,73,30.4,39,45
"T27","2025-11",18.9,26.1,7.2,70,38.7,39,53
"T28","2025-11",18.4,29.5,11,69,28.3,39,6
"T29","2025-11",18.2,27,8.8,78,35.1,39,50
"T30","2025-11",18.5,26.8,8.2,78,34.9,39,42
"T31","2025-11",18.5,28.2,9.7,72,32,39,38
"T32","2025-11",18.1,27.7,9.6,68,32.8,39,36
"T33","2025-11",18.1,27.9,9.8,73,30.4,39,34
"T34","2025-11",18.7,26.5,7.8,71,30.2,39,42
"T35","2025-11",19,26.4,7.4,79,35,39,51
"T36","2025-11",19.1,28.8,9.7,66,34.3,39,29
"T01","2025-12",16.2,27.1,10.9,61,24.7,86.1,15
"T02","2025-12",17.5,24.8,7.3,65,32.3,86.1,52
"T03","2025-12",16.4,26.8,10.4,67,27.1,86.1,20
"T04","2025-12",16.6,26.2,9.6,66,26.9,86.1,28
"T05","2025-12",16.8,27.8,11,57,20.6,86.1,2
"T06","2025-12",15.1,25.8,10.7,67,25.2,86.1,25
"T07","2025-12",16.5,27.8,11.2,60,30.5,86.1,13
"T08","2025-12",15.5,28.9,13.4,54,24.9,86.1,8
"T09","2025-12",17,27.3,10.4,58,25.9,86.1,24
"T10","2025-12",16.2,25.6,9.4,67,30.1,86.1,42
"T11","2025-12",16.6,26.6,10,69,30.5,86.1,41
"T12","2025-12",15.7,26.8,11,60,22.4,86.1,14
"T13","2025-12",16.1,24.9,8.8,69,30.8,86.1,23
"T14","2025-12",16.6,26.6,9.9,67,31.5,86.1,28
"T15","2025-12",16.2,28.3,12.1,61,27.1,86.1,6
"T16","2025-12",16.2,25.3,9.1,60,33,86.1,39
"T17","2025-12",17.7,26.6,8.9,70,37,86.1,43
"T18","2025-12",15.9,28.2,12.3,64,28,86.1,4
"T19","2025-12",16.2,28.1,11.9,70,31.6,86.1,24
"T20","2025-12",16.9,24.5,7.6,68,35.1,86.1,38
"T21","2025-12",17.2,25.6,8.5,73,33.4,86.1,48
"T22","2025-12",17.1,26.3,9.2,69,31.3,86.1,33
"T23","2025-12",16.4,28.5,12.1,61,27.1,86.1,5
"T24","2025-12",16.5,27.6,11.1,68,36.5,86.1,31
"T25","2025-12",17.8,24.8,7,76,42,86.1,49
"T26","2025-12",16.9,26.7,9.8,72,39.3,86.1,45
"T27","2025-12",17.1,25,7.8,78,37.2,86.1,53
"T28","2025-12",16.3,27.7,11.4,68,32.7,86.1,6
"T29","2025-12",17.8,24.2,6.4,77,38.4,86.1,50
"T30","2025-12",17.9,25.2,7.3,73,39.4,86.1,42
"T31","2025-12",17.3,25.6,8.3,75,37.7,86.1,38
"T32","2025-12",16.7,26.6,9.9,76,37.1,86.1,36
"T33","2025-12",18.4,26.6,8.2,76,39.8,86.1,34
"T34","2025-12",16.8,24.8,8,70,38.2,86.1,42
"T35","2025-12",17,24.2,7.2,77,39.7,86.1,51
"T36","2025-12",17,25.4,8.4,70,39,86.1,29
