"regiao","produto","valor","qtd","mes"
"norte","cha",78.05,9,6
"leste","cafe",98.69,6,2
"leste","cafe",176.21,2,7
"oeste","acucar",157.65,3,7
"leste","cafe",57.08,4,7
"norte","cafe",25.37,5,5
"leste","cafe",179.33,8,4
"norte","acucar",60.76,7,1
"norte","acucar",185.4,1,7
"oeste","acucar",149.4,9,10
"oeste","cafe",156.51,3,4
"leste","acucar",8.67,7,2
"oeste","acucar",143.85,6,7
"oeste","cha",60,3,3
"norte","cha",189.3,5,12
"leste","acucar",199.42,7,11
"oeste","cafe",94.85,6,8
"leste","acucar",79.64,6,5
"norte","cafe",19.35,7,7
"oeste","cafe",78.47,1,7
"leste","cha",82.68,9,12
"oeste","acucar",74.13,4,2
"oeste","cha",9.1,1,10
"norte","cafe",94.6,3,6
"leste","cafe",145.67,4,9
"leste","acucar",79.37,4,11
"norte","acucar",114.94,9,4
"oeste","cha",154.74,7,11
"norte","cha",111.28,7,12
"leste","farinha",85.5,2,8
"sul","cha",144.67,7,4
"oeste","farinha",24.14,7,6
"leste","acucar",37.59,4,6
"norte","acucar",116.15,2,3
"norte","cha",126.83,5,6
"leste","acucar",30.17,3,12
"norte","cha",89.07,4,4
"oeste","cafe",52.24,2,12
"norte","cafe",40.24,3,10
"oeste","cafe",79.75,8,5
"leste","acucar",11.31,4,10
"oeste","cha",120.26,2,11
"oeste","acucar",150.94,8,3
"sul","farinha",72.59,7,12
"leste","cafe",94.05,3,9
"norte","cha",11.26,5,1
"oeste","cha",188.57,6,10
"sul","farinha",152.15,8,11
"leste","cafe",43.82,3,12
"sul","farinha",110.05,5,3
"sul","cafe",173.45,1,5
"oeste","farinha",124.86,6,1
"sul","cha",125.56,3,9
"sul","cha",25.9,6,4
"norte","cafe",47.62,7,3
"oeste","cha",135.79,5,10
"sul","farinha",99.51,9,10
"leste","acucar",121.31,7,10
"sul","cafe",173.95,3,4
"leste","cha",133.45,1,12
"norte","farinha",142.31,9,12
"oeste","farinha",155.42,4,8
"oeste","farinha",74.84,7,4
"sul","cha",55.87,8,9
"oeste","cafe",94.31,5,9
"norte","cha",189.81,9,7
"leste","acucar",128,5,6
"oeste","cafe",76.3,5,8
"norte","cafe",159.26,3,8
"norte","farinha",90.16,6,4
"norte","cafe",13.99,6,5
"oeste","farinha",161.16,3,8
"leste","farinha",150.71,7,3
"oeste","farinha",17.31,4,3
"norte","cha",46.74,8,10
"leste","farinha",83.02,1,12
"sul","farinha",187.66,5,8
"oeste","cafe",198.05,6,2
"norte","cha",18.37,2,6
"leste","farinha",123.51,6,7
"sul","cafe",53.96,8,6
"sul","farinha",92.95,9,4
"oeste","acucar",190.84,4,2
"oeste","cafe",104.63,7,8
"norte","cha",147.29,8,7
"leste","cafe",109.24,3,8
"oeste","cafe",84.6,6,4
"oeste","farinha",168.13,5,9
"oeste","farinha",146.86,5,1
"norte","farinha",160.92,9,2
"norte","farinha",29.03,4,3
"oeste","cafe",161.84,7,6
"sul","farinha",28.81,1,11
"norte","cha",29.3,4,11
"norte","cha",42.47,4,10
"sul","acucar",33.47,4,1
"oeste","cha",82.42,2,2
"norte","acucar",14.51,8,9
"oeste","cafe",65.56,4,9
"leste","acucar",185.93,2,4
"sul","farinha",23.68,2,11
"sul","cha",113.25,8,6
"oeste","cafe",195.8,6,2
"norte","acucar",141.78,4,12
"oeste","cafe",48.86,3,6
"norte","cafe",112.53,8,1
"oeste","acucar",83.89,8,3
"oeste","cha",162.93,7,12
"sul","cha",173.42,4,12
"leste","farinha",196.87,2,11
"sul","cha",38.52,4,9
"oeste","cafe",9.72,9,8
"leste","cha",30.04,1,1
"oeste","acucar",129.69,2,3
"leste","cha",41.76,9,10
"norte","farinha",189.6,1,9
"sul","acucar",140.96,5,11
"sul","acucar",32.38,6,7
"sul","farinha",76.7,1,11
"oeste","cafe",152.91,5,9
"leste","farinha",100.75,6,5
"oeste","cha",105.56,8,11
"oeste","farinha",94.57,7,7
"norte","cha",79.93,7,9
"sul","cafe",125.52,7,1
"norte","acucar",115.77,2,2
"sul","cafe",159.06,6,11
"oeste","cha",118.89,2,7
"sul","cafe",99.61,2,11
"leste","cha",44.04,3,11
"sul","cafe",19.16,4,12
"norte","farinha",38.01,1,7
"oeste","cafe",56.94,8,8
"norte","cafe",163.58,7,7
"leste","cafe",89.37,4,6
"oeste","acucar",63.61,1,5
"oeste","cha",180.31,5,10
"sul","cafe",42.72,1,10
"oeste","cha",82.81,3,6
"norte","cha",195.65,7,10
"oeste","cafe",89.69,5,6
"oeste","farinha",121.08,9,1
"sul","cafe",70.24,9,12
"norte","acucar",113.61,1,9
"leste","acucar",98.08,5,11
"norte","farinha",88.97,6,11
"sul","acucar",19.46,4,10
"leste","acucar",60.27,7,10
"norte","cafe",194.18,9,8
"sul","acucar",146.95,1,5
"leste","cafe",111.57,7,2
"leste","cafe",32.26,8,2
"leste","cafe",134.32,6,2
"norte","farinha",129.97,3,3
"leste","acucar",188.82,2,10
"oeste","acucar",6,7,11
"norte","acucar",83.15,3,6
"norte","farinha",106.5,3,12
"oeste","cafe",98.18,3,6
"sul","cha",22.49,1,4
"sul","acucar",100.75,5,8
"sul","acucar",38.02,6,11
"oeste","cafe",198.07,3,6
"sul","cha",75.87,7,9
"oeste","cafe",94.82,3,5
"leste","cafe",133.28,7,10
"norte","acucar",115.39,7,2
"leste","acucar",43.71,6,1
"oeste","cafe",81.78,9,9
"leste","cha",22.75,6,6
"sul","acucar",161.16,4,4
"leste","cafe",27.49,5,6
"norte","farinha",184.51,2,10
"oeste","acucar",169.42,7,6
"norte","farinha",16.44,8,4
"oeste","cha",174.34,3,9
"sul","cafe",115.59,6,2
"norte","cha",120.98,2,1
"oeste","cha",17.88,1,1
"sul","cha",92.6,4,3
"norte","farinha",168.82,8,8
"sul","cafe",182.01,9,2
"oeste","farinha",179.18,1,6
"norte","farinha",104.55,6,9
"leste","farinha",99.68,8,9
"leste","acucar",186.53,4,3
"oeste","cha",71.39,9,10
"sul","cafe",85.84,8,9
"leste","cafe",180.59,6,8
"oeste","cafe",26.48,2,9
"norte","cha",30.71,2,11
"leste","cafe",188.93,6,5
"oeste","acucar",44.36,3,11
"norte","cha",19,7,11
"sul","acucar",186.99,3,9
"leste","cha",168.16,6,7
"norte","farinha",164.06,5,11
"norte","acucar",190.39,7,3
"oeste","farinha",68.19,3,4
"norte","cafe",157.24,4,12
"norte","acucar",86.59,6,9
"sul","cafe",163.52,6,8
"norte","cha",59.27,2,4
"leste","farinha",193.82,7,7
"sul","cha",53.07,4,3
"oeste","cha",181.55,6,1
"sul","acucar",169.29,4,10
"leste","cafe",42.68,2,11
"norte","cafe",47.87,6,5
"norte","farinha",56.98,8,5
"oeste","acucar",9.5,2,10
"leste","cafe",98,4,11
"oeste","cha",40.41,9,3
"oeste","cha",84.15,3,12
"leste","farinha",60.9,7,4
"sul","farinha",99.18,6,2
"norte","farinha",26.77,8,8
"leste","farinha",127.28,7,3
"oeste","farinha",11.7,3,5
"norte","cha",56.08,9,1
"sul","cafe",72.22,1,5
"leste","cafe",32.32,3,7
"leste","cha",196.67,5,12
"norte","farinha",143.79,1,5
"sul","farinha",184.69,8,8
"sul","farinha",49.47,3,1
"norte","acucar",144.21,5,5
"norte","farinha",76.09,3,8
"oeste","cha",32.26,5,8
"oeste","cha",25.7,2,4
"leste","acucar",38.75,8,10
"oeste","cha",40.99,9,2
"leste","cafe",83.69,8,5
"norte","cafe",28.33,2,9
"leste","farinha",172.92,2,6
"oeste","cafe",149.65,3,2
"leste","cafe",143.78,3,6
"leste","farinha",52.85,4,10
"oeste","acucar",7.88,6,5
"norte","farinha",78.46,1,1
"sul","cafe",162.92,2,6
"oeste","cafe",119.94,1,9
"sul","cha",161.05,7,9
"leste","cha",74.36,8,2
"norte","cha",98.49,2,11
"oeste","cafe",59.34,1,9
"sul","cha",52.79,4,5
"leste","cha",158.53,5,8
"leste","farinha",11.43,9,11
"norte","cafe",119.69,4,10
"sul","farinha",124.23,1,11
"sul","farinha",182.15,9,8
"oeste","farinha",7.37,7,11
"norte","farinha",50.3,8,1
"oeste","acucar",154.88,7,4
"sul","cha",32.58,9,6
"sul","cha",113.8,6,4
"norte","cha",52.19,5,10
"oeste","farinha",55.32,9,6
"norte","acucar",198.36,1,1
"oeste","acucar",61.03,6,7
"oeste","cha",44.47,7,12
"leste","cafe",128.07,2,8
"oeste","cha",176.12,8,6
"leste","cafe",104.99,5,10
"sul","farinha",167.98,2,7
"sul","cha",178.93,6,9
"leste","cafe",22.65,4,6
"sul","cafe",106.89,2,4
"oeste","acucar",98.66,3,7
"sul","cafe",91.23,5,1
"oeste","cha",36.41,9,2
"leste","acucar",58.98,1,11
"oeste","cafe",162.36,1,10
"norte","cafe",25.22,4,1
"sul","cha",42.16,7,10
"sul","cha",53.19,9,2
"norte","acucar",5.51,5,3
"norte","acucar",89.84,3,4
"sul","farinha",65.16,4,7
"oeste","cafe",69.45,2,1
"norte","farinha",100.12,6,4
"oeste","cafe",59.87,7,10
"sul","cafe",96.72,8,1
"sul","cafe",188.9,4,1
"sul","cafe",154.62,8,10
"leste","cha",187.97,7,10
"leste","cafe",71,5,2
"leste","cafe",153,2,2
"leste","cha",167.27,7,6
"sul","cafe",97.54,3,10
"sul","farinha",151.67,2,12
"sul","cafe",49.74,7,2
"sul","cafe",188.36,2,6
"leste","cafe",34.36,7,5
"leste","cha",87.63,6,8
"norte","acucar",79.8,2,12
"sul","farinha",104.84,9,10
"sul","farinha",19.53,3,3
"leste","acucar",199.56,8,7
"sul","cafe",100.38,7,6
"leste","cafe",176.8,2,1
"leste","cha",188.45,4,9
"leste","cha",57.12,7,8
"leste","cafe",36.36,7,1
"norte","cha",159.2,5,3
"leste","farinha",102.83,5,9
"norte","cafe",169.82,6,1
"leste","farinha",99.02,6,11
"leste","acucar",106.37,9,1
"leste","cha",52.88,5,5
"oeste","farinha",140.53,3,1
"norte","cha",92.4,1,6
"norte","farinha",35.89,8,7
"norte","acucar",114.52,6,9
"sul","cha",89.04,9,12
"leste","farinha",180.36,1,5
"sul","farinha",136.85,2,6
"leste","cha",171.52,1,9
"leste","cafe",134.59,5,11
"norte","farinha",74.24,4,2
"sul","farinha",70.4,2,10
"leste","farinha",94.49,7,4
"leste","cafe",196.16,4,12
"norte","cafe",198.78,4,10
"leste","farinha",170.65,9,9
"norte","cha",47.61,8,7
"sul","farinha",192.44,5,9
"norte","farinha",156.24,1,3
"oeste","acucar",135.94,8,11
"leste","cha",104.25,9,6
"sul","acucar",104.36,1,7
"oeste","acucar",14.65,5,7
"norte","cafe",64.8,4,7
"oeste","farinha",41.46,8,11
"norte","farinha",108.35,6,12
"oeste","cha",57.94,9,12
"oeste","cha",41.02,9,8
"leste","cafe",86.05,9,4
"sul","cafe",88.79,8,7
"oeste","cafe",186.23,3,11
"oeste","farinha",23.7,7,12
"leste","cha",137.51,5,2
"oeste","cafe",37.36,3,1
"leste","cafe",193.27,1,11
"norte","acucar",10.94,2,2
"norte","acucar",194.69,5,8
"sul","cafe",151.54,8,1
"norte","acucar",62.51,2,10
"oeste","cafe",131.77,7,9
"norte","cha",73.18,7,7
"leste","acucar",169.6,6,12
"leste","cafe",42.91,9,12
"oeste","farinha",26.1,7,4
"leste","cafe",72.05,7,7
"norte","farinha",131.47,5,3
"norte","cha",146.45,8,8
"oeste","cafe",137.89,6,4
"norte","cha",108.86,4,6
"oeste","cha",49.25,3,1
"oeste","acucar",127.79,6,11
"leste","cafe",105.68,3,7
"norte","farinha",67.85,2,5
"oeste","acucar",60.72,5,6
"norte","farinha",129.84,9,11
"oeste","cha",5.96,6,8
"oeste","acucar",64.09,4,2
"norte","farinha",61.34,3,7
"oeste","cafe",145.69,1,4
"leste","cafe",180.47,7,9
"oeste","farinha",189.73,4,3
"sul","acucar",64.43,3,5
"sul","cafe",136.03,7,9
"sul","cha",71.49,9,12
"leste","cha",179.59,9,4
"oeste","acucar",133.32,3,7
"norte","cafe",60.12,9,5
"sul","acucar",149.11,4,2
"norte","cafe",126.69,3,12
"norte","cafe",36.76,2,6
"norte","cha",7.8,1,11
"sul","farinha",54.8,3,4
"norte","cafe",198.28,4,4
"norte","cafe",89.44,5,7
"oeste","cafe",167.94,9,10
"norte","cha",71.18,2,9
"oeste","cafe",147.46,1,11
"oeste","cha",59.11,4,9
"sul","cafe",78.37,6,10
"norte","cafe",176.29,3,1
"oeste","farinha",120.31,2,12
"norte","cha",123.69,4,5
"norte","farinha",196.3,1,4
"oeste","cha",65.45,3,12
"oeste","cafe",149.89,2,11
"norte","farinha",166.87,7,9
"leste","farinha",99.59,8,10
"norte","farinha",26,2,8
"sul","cha",51.79,1,8
"leste","cha",132.38,9,5
